Trait	Diff	p.val	p.adj
Ischemic stroke small artery occlusion	0.441489361702128	1.0565284742135e-18	1.99472575931508e-15
Response to tamoxifen in breast cancer	0.308510638297872	1.50045189472519e-10	2.5792768070326e-07
Folding of antihelix	0.281914893617021	3.45229058714189e-16	6.42126049208391e-13
Thyroid peroxidase autoantibody levels in type 1 diabetes	0.265957446808511	3.05723581255738e-08	4.87629112102901e-05
Testicular cancer	0.264184397163121	3.76978756675769e-16	7.00803508660254e-13
Homoarginine levels	0.25531914893617	3.46269731430024e-07	0.000526329991773636
Resistance to antihypertensive treatment in hypertension	0.24468085106383	2.50605470962239e-08	4.01219359010544e-05
Basal metabolic rate	0.23936170212766	1.12082240313227e-06	0.00164424646539504
Glycemic traits pregnancy	0.238475177304965	3.53484447851535e-21	6.71973935365769e-18
Smoking status heavy vs light	0.234042553191489	2.86661807579267e-07	0.0004383059037887
Anterior chamber depth	0.228723404255319	5.14909589024392e-06	0.00722559215107766
Brugada syndrome	0.226950354609929	2.92950507778289e-18	5.51039905130962e-15
Liver injury in anti-tuberculosis drug treatment	0.226063829787234	2.33735747214819e-11	4.09972500614792e-08
Thyroid hormone levels	0.223404255319149	2.8787087285558e-08	4.59729783950362e-05
Pain	0.218085106382979	2.07485045926671e-06	0.00298570981088479
Antitragus size	0.202127659574468	2.2510075307873e-06	0.00322344278408742
Heart rate variability traits pvRSA-over-HF	0.194148936170213	2.43475909211011e-17	4.56517329770646e-14
Cutaneous squamous cell carcinoma	0.193794326241135	3.04667863119359e-21	5.7947827565302e-18
Formal thought disorder in schizophrenia	0.186170212765957	1.11579426708048e-05	0.0152194338029778
Urea levels	0.18218085106383	3.49445961424197e-15	6.4437835286622e-12
Hip circumference	0.176988348530902	7.21195849992204e-21	1.37027211498519e-17
Thyroid cancer Papillary, radiation-related	0.175531914893617	2.02095306557821e-05	0.0269797234254692
Cortical thickness	0.175531914893617	2.19179876574807e-06	0.00314084763131699
Serum 25-Hydroxyvitamin D levels	0.174086035123269	1.48537035031608e-17	2.7895255178936e-14
Childhood onset systemic lupus erythematosus	0.170212765957447	2.71966062537147e-05	0.0360083066799183
Alcohol consumption drinks per week	0.167553191489362	2.68961738566701e-06	0.00383001515718983
Epirubicin-induced leukopenia	0.164893617021277	2.91606369670368e-10	4.96605647548637e-07
Cystic fibrosis severity	0.164893617021277	6.32236306934185e-09	1.03560307075819e-05
Physical activity moderate intensity activity duration	0.162234042553191	2.06958584672936e-06	0.00298020361929027
White blood cell count monocyte	0.161157548125633	2.9165553239746e-22	5.55312133684765e-19
Hypertriglyceridemia	0.159701114488349	6.56480557288156e-15	1.2085807059675e-11
Serum urate levels in chronic kidney disease	0.159663120567376	5.14055349428842e-16	9.54086728539931e-13
Thyroid peroxidase antibody levels	0.159574468085106	7.59010151862073e-13	1.36014619213684e-09
Disrupted circadian rhythm low relative amplitude of rest-activity cycles	0.157801418439716	1.102508243685e-10	1.90072421211293e-07
Extraversion	0.157801418439716	1.55715209418743e-08	2.51791493630108e-05
Alcoholism alcohol use disorder factor score	0.157801418439716	2.14928992788888e-16	4.00412713565699e-13
Idiopathic inflammatory myopathy	0.156914893617021	6.28805732206475e-06	0.00877183996428033
Plasma homocysteine levels post-methionine load test	0.156914893617021	6.70790952909169e-10	1.12759959184031e-06
Pancreatitis	0.156028368794326	1.68905144680271e-08	2.72950713803318e-05
Vogt-Koyanagi-Harada syndrome	0.154255319148936	7.92720385231328e-06	0.0109791773354539
Pulmonary emphysema	0.152482269503546	3.96273104178997e-10	6.71682911583401e-07
Common carotid intima-media thickness in HIV infection	0.152136102668018	4.17914807487899e-19	7.9153064538208e-16
Hepcidin-over-transferrin saturation ratio	0.149113475177305	1.63586415274006e-13	2.95927825230677e-10
Isovolumetric relaxation time	0.148049645390071	8.45209122649703e-11	1.46728303691989e-07
Incident atrial fibrillation	0.147163120567376	2.71482427577786e-09	4.48760452786081e-06
Serum C3d:C3 ratio systemic complement activation	0.146276595744681	8.67606330898614e-11	1.50529698410909e-07
Chronic kidney disease and serum creatinine levels	0.145390070921986	8.37363714445602e-10	1.40174685798194e-06
Number of children ever born	0.143617021276596	1.78799475279194e-06	0.00258901640204273
Caudate nucleus volume	0.140957446808511	3.5639582070062e-07	0.00054065246000284
Hen's egg allergy	0.140957446808511	3.78919655412165e-07	0.000573305438638606
Ear morphology	0.139944275582574	2.45635637656748e-17	4.60321184968746e-14
Developmental dysplasia of the hip	0.136968085106383	7.88424310221287e-07	0.00116844482774795
Subcortical brain region volumes	0.132978723404255	6.7483377803142e-13	1.2113266315664e-09
Stroke ischemic	0.132446808510638	3.34939145188358e-13	6.03560339629422e-10
Parkinsonism in frontotemporal lobe dementia	0.12854609929078	5.46469902841744e-07	0.000818065444554091
Post-traumatic stress disorder	0.127482269503546	2.40611358453225e-08	3.85459396242067e-05
Neovascular age-related macular degeneration	0.127216312056738	3.02197955603127e-10	5.14340920436523e-07
Subiculum volume	0.127216312056738	5.69288959182529e-09	9.33064604100165e-06
Fractional excretion of metabolites in chronic kidney disease	0.125	1.13812240559077e-07	0.000177205658550482
Activated partial thromboplastin time	0.124715045592705	1.60665068995767e-14	2.9417774133125e-11
Thyroid function	0.124113475177305	1.67924026689655e-05	0.0224850271737447
Lower body strength	0.123277608915907	1.93859606255298e-11	3.40805187796813e-08
PR segment	0.123195288753799	2.70982355775094e-12	4.82348593279668e-09
Vitamin E levels	0.122340425531915	1.62565771262308e-06	0.00235882934101609
Non-small cell lung cancer survival	0.122340425531915	3.47143367413823e-07	0.000527310775101596
Electrocardiographic conduction measures	0.120472391084093	5.50970552481441e-12	9.76319818997113e-09
Cardiac repolarization	0.120124113475177	1.0267097762058e-09	1.71768545559231e-06
Angiotensin-converting enzyme activity	0.11968085106383	2.18478908322657e-06	0.00313517233443013
Proteinuria and chronic kidney disease	0.11968085106383	7.24581018946775e-07	0.00107690924996853
Hedonic well-being	0.11968085106383	2.86780026354127e-08	4.58274482113896e-05
Age at smoking initiation in chronic obstructive pulmonary disease	0.119318889369858	7.09684930673264e-15	1.30440090257746e-11
Subjective response to lithium treatment in bipolar disorder	0.117464539007092	1.51430791408156e-06	0.00220302229114917
Periodontitis PAL4Q3	0.114097855454239	2.41519831789632e-12	4.30146820417334e-09
Parental longevity combined parental age at death	0.113652482269504	2.56295196580925e-11	4.49285479606361e-08
Hirschsprung disease	0.113475177304965	2.67840757706332e-20	5.08093917368912e-17
B-type natriuretic peptide to N-terminal pro B-type natriuretic peptide ratio	0.11258865248227	9.78558668148054e-07	0.00144337403551838
Blood glucose levels	0.111702127659574	5.39380055521104e-06	0.00755132077729546
Percent glycated albumin	0.111702127659574	1.03540179546909e-05	0.0141746505799718
Alcohol dependence or chronic alcoholic pancreatitis or alcohol-related liver cirrhosis	0.109929078014184	3.14371361771061e-06	0.00446092962353135
Digit length ratio	0.1096757852077	3.5649572837178e-11	6.22798037465499e-08
Craniofacial microsomia	0.109121803137761	5.0258482490259e-13	9.03144930349955e-10
Hoarding	0.108156028368794	1.60998932469779e-06	0.00233770449946119
Blue vs. green eyes	0.108156028368794	4.20496424447505e-07	0.000634529104491285
Area under the curve of insulin levels	0.106382978723404	1.27456967932094e-06	0.00186469544084654
Post bronchodilator FEV1-over-FVC ratio in smoking	0.106382978723404	2.09094695523903e-14	3.81806914026647e-11
Two-hour glucose challenge	0.105851063829787	2.51726044767743e-07	0.00038589602662895
Insulin-like growth factors	0.10540780141844	8.27288999931778e-06	0.0114414068690565
Esophageal cancer squamous cell	0.105141843971631	1.21328919378646e-08	1.97280822909679e-05
Lobe size	0.105053191489362	5.00343913535001e-07	0.000752016902043107
Adverse response to chemotherapy in breast cancer alopecia cyclophosphamide+doxorubicin+-over--5FU	0.104609929078014	2.00782492914917e-10	3.43940410363253e-07
Stearic acid 18:0 levels	0.104377744005404	6.74400384872666e-12	1.19233988045487e-08
IgG glycosylation patterns	0.103482403599738	5.0895829782773e-07	0.00076445536333725
White blood cell count neutrophil	0.100177304964539	4.46550280542012e-10	7.56456175238167e-07
Circulating phylloquinone levels	0.100177304964539	1.66131745509713e-05	0.0222616538983015
White matter hyperintensities in ischemic stroke	0.1	2.97072278724364e-09	4.90169259895201e-06
Prevalent atrial fibrillation	0.0990374873353597	1.02543347696076e-10	1.77194904818819e-07
Alcohol use disorder total score	0.0982108317214699	1.68169459114173e-12	3.00182484518798e-09
Plasma trimethyllysine levels	0.0975177304964539	8.50014163142102e-08	0.000133282220780682
Celiac disease or Rheumatoid arthritis	0.096757852077001	3.50396009157597e-08	5.5712965456058e-05
Nonalcoholic fatty liver disease	0.0958037825059102	3.71205733838564e-07	0.000562376686765424
Suicide attempts	0.0951101763111842	3.83274427202572e-10	6.50033428535562e-07
Blond vs. brown hair color	0.0930851063829787	9.62948625525042e-06	0.0132405436009693
Response to Vitamin E supplementation	0.0930851063829787	9.58107213133677e-06	0.0131835552527194
Pediatric bone mineral density hip	0.0929078014184397	1.19856657501026e-11	2.11187430516808e-08
Methotrexate phramacokinetics acute lymphoblastic leukemia	0.0924046139545779	1.76033614222424e-23	3.3552006870794e-20
Systolic blood pressure in sickle cell anemia	0.0909848868625465	2.27510557074789e-10	3.88815542040814e-07
Heart rate variability traits RMSSD	0.0904761904761905	2.76688882524192e-07	0.000423610679144537
Renal function-related traits BUN	0.0902519466349254	5.05306901255569e-11	8.80749928888457e-08
Optic nerve measurement rim area	0.0902482269503546	2.01257049017374e-07	0.000309734598437738
Hematology traits	0.0898667526327101	2.76991076108678e-15	5.11602517572729e-12
Serum tamsulosin hydrochloride concentration	0.0895390070921985	1.5032442067822e-07	0.000232100905527172
Arthritis juvenile idiopathic	0.0893617021276596	1.75745408010613e-10	3.0122762933019e-07
Hair shape	0.0892287234042553	2.8223356941268e-13	5.09149359220475e-10
Osteoporosis-related phenotypes	0.0891843971631205	1.35504583425681e-07	0.000209761095142955
Basal cell carcinoma	0.0889567120876732	8.91533626211031e-19	1.68589008716506e-15
Alcohol consumption	0.0882196925415011	3.17162795371803e-11	5.54400566309912e-08
Autoimmune thyroid diseases Graves disease or Hashimoto's thyroiditis	0.0877659574468086	8.26449639239754e-08	0.000129669948396717
Palmitic acid 16:0 levels	0.0875053728777133	2.67127272800252e-11	4.67739854673242e-08
Waist-to-hip ratio adjusted for BMI x sex interaction	0.0872424378697306	5.01845477083793e-17	9.38451042146693e-14
Cardiovascular disease risk factors	0.0869922630560929	6.30120383343586e-10	1.06049260516726e-06
DNA methylation parent-of-origin	0.0868794326241136	3.7287702296441e-06	0.0052762098749464
Hippocampal volume in Alzheimer's disease dementia	0.086436170212766	4.81989383618963e-09	7.91908557285956e-06
Event-related brain oscillations	0.0859929078014185	1.98638326854504e-08	3.19211791255188e-05
Cannabis use	0.0853871158392435	6.24192170637412e-10	1.0511396153534e-06
Obstructive sleep apnea trait average respiratory event duration	0.0851063829787234	9.64035697034156e-07	0.00142291668882241
Thyroid peroxidase antibody positivity	0.0847369976359337	3.62814487418548e-07	0.000550026762926519
Asthma moderate or severe	0.0846373123533075	1.47987902701891e-18	2.79105184495766e-15
Urinary albumin-to-creatinine ratio	0.0845422308188266	4.17020351190803e-11	7.27700512827951e-08
Common carotid intima-media thickness	0.0845301418439716	2.62272790174457e-09	4.33799194948552e-06
Empathy quotient	0.0835106382978724	1.19943124058831e-05	0.0162762819347833
IgE levels	0.0826926176660219	7.27398851147157e-12	1.28385897227473e-08
Severity of facial solar lentigines	0.0824468085106383	3.10087147318565e-05	0.0408694860165869
Aging time to event	0.0821175278622087	3.25689511915385e-07	0.000496350816159047
Current cigarettes per day in chronic obstructive pulmonary disease	0.0817819148936172	1.91203424280977e-09	3.17206480882141e-06
Late-onset myasthenia gravis	0.0808700607902735	1.17826145719876e-06	0.00172615303479618
Lipoprotein-associated phospholipase A2 activity change in response to statin therapy	0.0808510638297872	6.53761621615746e-07	0.000976066101072309
Facial morphology factor 12, vertical position of sublabial sulcus relative to central midface	0.0803508105369807	1.84116324101748e-06	0.00266232204651128
Gamma glutamyl transferase levels	0.0797872340425531	3.00803138524389e-06	0.00427441259843156
Emphysema-related traits	0.0797872340425531	7.75172596338218e-07	0.00114958096036958
Upper eyelid morphology	0.0787234042553192	3.32812711141737e-06	0.00471595611687841
Frontotemporal dementia	0.0784923705136472	9.14387005518528e-08	0.000143284443764753
Renal function-related traits eGRFcrea	0.0784574468085106	1.08794965731576e-06	0.00159928599625417
Prostate cancer advanced	0.0781162690737158	1.92604795693747e-09	3.19338751260233e-06
Chronic hepatitis B infection	0.0776112185686654	6.85189309208301e-13	1.22922962071969e-09
Caffeine metabolism plasma 1,3-dimethylxanthine theophylline level	0.0771276595744681	1.39313873730589e-07	0.00021537924878749
Severity of nausea and vomiting of pregnancy	0.0770390070921985	1.36742453049975e-05	0.0184192084258316
Body mass index SNP x SNP interaction	0.077001013171226	4.7705448767856e-06	0.00671215664163733
Anterior cruciate ligament rupture	0.075354609929078	4.02139285938169e-07	0.000608034600338512
Myocardial infarction early onset	0.0751329787234043	2.13319885743337e-07	0.000328085984273252
Pediatric bone mineral content femoral neck	0.0738538500506585	9.38374968350071e-06	0.0129401908135475
Pediatric autoimmune diseases	0.0734157440215184	3.76199299560633e-17	7.03868889477944e-14
Parental longevity father's age at death	0.0731382978723404	3.01582824136481e-05	0.0397787745036018
Triglycerides-Blood Pressure TG-BP	0.072695035460993	1.10628505201643e-08	1.80213834973476e-05
Attention deficit hyperactivity disorder time to onset	0.0726654846335698	1.66940371960308e-07	0.000257588993934755
Osteoarthritis of the knee hospital diagnosed	0.0722517730496455	4.98868865055936e-06	0.00700910755403591
Caffeine metabolism plasma 1,7-dimethylxanthine paraxanthine to 1,3,7-trimethylxanthine caffeine ratio	0.0710321410704541	2.57539117537626e-15	4.75932289209533e-12
Inhibitory control	0.0704787234042553	5.56670284235221e-08	8.79539049091649e-05
Obstructive sleep apnea trait apnea hypopnea index	0.068955512572534	6.57075288818196e-12	1.16236618591939e-08
Primary tooth development number of teeth	0.0683458489778891	1.15718676761838e-14	2.1211233450445e-11
Facial morphology factor 23	0.068234971293482	2.18605916318406e-06	0.00313517233443013
Nasopharyngeal carcinoma	0.0680851063829788	5.70510405634468e-08	9.00835930496825e-05
Alcohol consumption in current drinkers	0.0680091185410334	7.08871364993967e-07	0.00105550946247602
Fear of severe pain	0.0679331306990881	2.59262012846423e-06	0.00369448368306153
Melanoma	0.0675209542230819	5.75001278880367e-08	9.0735201807322e-05
HIV-associated dementia	0.0673758865248227	2.73845609282245e-05	0.036229774108041
Dehydroepiandrosterone sulphate levels	0.067354778790949	7.18440881939446e-07	0.0010690400323259
Body mass index in physically active individuals	0.0671108973089898	6.46267144445446e-12	1.14389284566844e-08
Periodontitis DPAL	0.0669863528906082	1.288787769602e-07	0.00019976210428831
Systolic blood pressure response to hydrochlorothiazide in hypertension	0.0667700945626478	4.43695547916389e-09	7.2987917632246e-06
Gut microbiota bacterial taxa	0.0659506136484669	1.52056164134933e-12	2.7157230914499e-09
Digit length ratio right hand	0.0656344984802432	8.47868743029485e-06	0.0117175460286675
Obstructive sleep apnea during REM sleep apnea hypopnea index	0.0647163120567376	3.00862270832935e-06	0.00427441259843156
Cotinine glucuronidation	0.0647057581898008	9.69839682991165e-08	0.000151682926419818
High altitude adaptation	0.0630129179331307	6.54861827029749e-06	0.0091222252505244
Esophageal cancer	0.0628862715298886	3.27407469726915e-07	0.000498641576394092
Non-alcoholic fatty liver disease histology other	0.0610576588791546	2.82035642041665e-13	5.09074333885205e-10
Estrone-over-androstenedione ratio in resected early stage-receptor positive breast cancer	0.0609499247797121	2.38771205654542e-06	0.00341442824085995
Total body bone mineral density age over 60	0.0609359169199594	1.75081155843419e-08	2.82580985531278e-05
Preschool internalizing problems	0.0603454760369653	6.92514107404938e-09	1.13226056560707e-05
Alzheimer's disease	0.0599407684514067	5.42177629665554e-07	0.000812182089239001
Adverse response to chemotherapy neutropenia-over-leucopenia gemcitabine	0.0595744680851064	2.88195800811776e-05	0.0380706652872356
Pediatric bone mineral density femoral neck	0.0595536555642938	7.5917697493404e-07	0.00112661863080211
Hair color	0.0589929573972127	6.44586525702772e-08	0.000101586836450757
C-reactive protein levels or HDL-cholesterol levels pleiotropy	0.0587955927051672	2.71101537103766e-08	4.33762459366026e-05
Self-reported allergy	0.0585506461498698	1.74293513307922e-10	2.98913375323085e-07
Spherical equivalent	0.0583885366220193	9.89830380967457e-07	0.00145900998154603
Endometrial cancer endometrioid histology	0.0582712927682862	2.30573976582633e-11	4.0465732890252e-08
Economic and political preferences environmentalism	0.057537309113498	6.54523984487142e-07	0.000976549784854816
Autism spectrum disorder or schizophrenia	0.0569963130278031	7.22481390885639e-18	1.358265014865e-14
Serum vitamin D-binding protein levels	0.0567375886524823	3.2031470918529e-05	0.0421854471997026
Waist-hip ratio	0.056317352859906	9.35883708150887e-09	1.52549044428595e-05
Graves' disease	0.0561383887979631	3.56448681654588e-10	6.0524986144949e-07
Neurocognitive impairment in HIV-1 infection continuous	0.0561170212765958	9.54183212943179e-07	0.00140932860551708
Plasma omega-3 polyunsaturated fatty acid levels docosahexaenoic acid	0.05597283921752	3.54733310202492e-07	0.000538485164887383
Verbal memory performance residualized delayed recall change	0.0558510638297872	1.37600682938485e-07	0.000212868256505837
Caudate activity during reward	0.0558494588975625	1.06217705162391e-12	1.90023474535518e-09
Eudaimonic well-being	0.0558348474701564	4.2018557524089e-07	0.000634480218613744
Waist-to-hip ratio adjusted for BMI in non-smokers	0.0553712974551522	1.29038336950782e-08	2.09687297545021e-05
Clozapine-induced agranulocytosis	0.0551633960788497	1.32796344221987e-17	2.49524330793113e-14
Pit-and-Fissure caries	0.0544774374561608	1.23167407625178e-05	0.0167015004739741
Glomerular filtration rate in non diabetics creatinine	0.0543876568922129	5.77658606228559e-10	9.7393241010135e-07
Facial morphology factor 17, height of vermillion upper lip	0.0542526327100796	2.50273168595578e-06	0.00357390084754485
Vascular endothelial growth factor levels	0.0542047831165506	6.05784774722208e-11	1.05345972324192e-07
Monocyte chemoattractant protein-3 levels	0.0536980749746708	1.17802074967155e-05	0.0160210821955331
Very long-chain saturated fatty acid levels fatty acid 20:0	0.0533509044147342	6.7183656970057e-06	0.00934524668453493
Lung function FEV1	0.0532039362331369	1.56024738969542e-10	2.68050501549673e-07
HDL cholesterol levels	0.0523018366197379	8.28823310801471e-14	1.50514313241547e-10
Mean arterial pressure x alcohol consumption light vs heavy interaction 2df test	0.0516858882790674	1.16185426906008e-07	0.000180784524265749
QRS duration	0.051342412664954	2.93254748400591e-07	0.000448093255556103
Sexual dysfunction SSRI-over-SNRI-related	0.051063829787234	2.81581457801054e-09	4.65172568287342e-06
Waist-to-hip ratio adjusted for BMI x sex x age interaction 4df test	0.0506932750993831	1.65031333326481e-18	3.11084063320416e-15
Circulating fibroblast growth factor 23 levels	0.0500753678945168	1.3111694823228e-05	0.0176745646217114
Fractures	0.0500408144036729	6.05766080764926e-06	0.00845649448747837
Total body bone mineral density age 45-60	0.0493365676876316	3.41575823150719e-05	0.0448489055796895
Epithelial ovarian cancer	0.04905750455488	3.747984751814e-12	6.65642091922167e-09
Sjögren's syndrome	0.0484230401923571	1.08232896258872e-06	0.00159210590396801
Coronary artery disease in type 1 diabetes	0.0482605308403181	1.24539854889335e-07	0.000193285854788248
Psoriatic arthritis	0.0480639041809255	3.20562375525338e-05	0.0421860086191345
Alcohol dependence	0.047969608581618	5.67924379659418e-07	0.000849614871970489
Waist circumference adjusted for BMI in non-smokers	0.0474392804768754	1.80097162329765e-09	2.98961289467411e-06
Recurrent major depressive disorder	0.046564162787567	2.26429943330282e-05	0.0301378254572605
Tuberculosis	0.0454880696358495	2.19039458739585e-08	3.51339291818294e-05
Calcium levels	0.0451528959482167	4.58110243401624e-08	7.25646625548172e-05
Interleukin-13 levels	0.0448549677273081	9.40111100868287e-06	0.012954730969965
Smooth-surface caries	0.0446786679226295	2.17257324862498e-12	3.87369810229834e-09
Plasma omega-3 polyunsaturated fatty acid level eicosapentaenoic acid	0.044232215774769	2.13789887540179e-06	0.00307216068395238
Glomerular filtration rate creatinine	0.044173313505359	1.93895207834412e-20	3.68013104469714e-17
Waist-to-hip ratio adjusted for BMI	0.0436823692987137	5.05011018006365e-16	9.37805460437821e-13
Urate levels BMI interaction	0.0425830396548317	6.57598682183927e-06	0.00915377365600026
Lung adenocarcinoma	0.0423629554668954	2.23261558026918e-11	3.92270557453295e-08
Waist circumference adjusted for BMI joint analysis main effects and smoking interaction	0.0418045630628169	1.93027742230654e-07	0.000297262723035207
Creatinine levels	0.0415780141843972	2.15271363014562e-06	0.00309129677288911
Lipoproteina levels adjusted for apolipoproteina isoforms	0.0411133193048087	4.48244211368123e-09	7.36913483489194e-06
Metabolite levels  X-11787	0.0407683697311357	1.0951191632976e-05	0.0149593277706453
Lung function FVC	0.0406584759050856	4.05410840448732e-07	0.000612575779918034
Gestational age at birth in labor-initiated deliveries child effect	0.0406112799729821	2.51228558748945e-06	0.00358503153334745
Rosacea symptom severity	0.0402559646674249	3.30533276660416e-13	5.9595149781873e-10
Diastolic blood pressure x alcohol consumption light vs heavy interaction 2df test	0.0398423989065896	4.26458117844392e-06	0.00601581464959972
Feeling worry	0.0395798823800707	1.61619292914363e-10	2.77500325933961e-07
Plateletcrit	0.0391426496665201	1.24398101880757e-23	2.37227180286603e-20
Thiazide-induced adverse metabolic effects in hypertensive patients	0.0389763205162107	5.69402762024840e-11	9.90760805923222e-08
Interleukin-6 levels	0.0375571281144036	2.06697961435615e-05	0.0275528382593675
Mean corpuscular hemoglobin concentration	0.0372661127073931	3.28729371768841e-09	5.4174600467505e-06
Stroke	0.0368151389895264	1.14341675316698e-05	0.015584770345666
Lung function FEV1-over-FVC	0.0362714696880875	2.13901068830498e-10	3.65770827700151e-07
Lung cancer in ever smokers	0.0362233365044939	7.50145842588818e-13	1.34501149576175e-09
Neutrophil percentage of granulocytes	0.0354440481643963	2.48410306920802e-15	4.59310657496563e-12
Leprosy	0.0349597822084982	5.76360484222121e-06	0.00806328317426747
White blood cell count	0.0344223656509079	6.15205439399791e-19	1.1645838967838e-15
RANTES levels	0.034406905151586	8.16231794599499e-06	0.0112966480372571
Feeling nervous	0.0342901637163767	5.10064069947949e-10	8.61498214142086e-07
Red cell distribution width	0.0331580018181746	5.36852648099325e-17	1.00337759929764e-13
Pulse pressure x alcohol consumption interaction 2df test	0.0331181343973291	3.74417723875099e-07	0.000566868433946899
Monocyte percentage of white cells	0.0329237090447452	3.07850156637316e-19	5.83376046827714e-16
Heschl's gyrus morphology	0.0329015803893327	1.17439971268877e-05	0.0159835800896942
Diverticular disease	0.0323493252536685	7.70083053408388e-14	1.39924090804304e-10
Hematocrit	0.032300363651868	2.20436060510716e-15	4.07806711944824e-12
Eosinophil counts	0.031882989375733	6.41770792815689e-16	1.18984304988029e-12
Irritable mood	0.0316220382724347	5.2004352701674e-07	0.00078006529052511
Mean corpuscular volume	0.0308440765775419	8.81670322584359e-21	1.6742919425877e-17
Psoriasis	0.0304824911676175	2.43848123436072e-07	0.000374063021350934
Squamous cell lung carcinoma	0.030243052745987	5.47382437102381e-10	9.23434171391717e-07
Granulocyte percentage of myeloid white cells	0.0292085451434921	5.91919468322584e-16	1.09801061373839e-12
Allergic disease asthma, hay fever or eczema	0.0291880519550669	3.80702699147768e-13	6.85264858465983e-10
Parkinson's disease	0.0289485493009273	1.18153194848412e-07	0.000183610064794432
Platelet distribution width	0.0274998745339367	1.66979992201053e-14	3.05573385727927e-11
Red blood cell count	0.0273766594335531	9.60914092190592e-14	1.74309816323373e-10
Depression	0.0272252795104812	5.16847330344564e-10	8.72438293621624e-07
Breast cancer	0.0272197774167828	2.85114840458317e-26	5.4542468979676e-23
Sum basophil neutrophil counts	0.0269690136679134	6.4800141480275e-11	1.12557845751238e-07
Cognitive decline rate in late mild cognitive impairment	0.0269444568607585	7.82690190237706e-06	0.0108480860366946
Central corneal thickness	0.0268077930813451	7.44443828475338e-06	0.0103477692158072
Systolic blood pressure x alcohol consumption interaction 2df test	0.0247884967542305	5.98600698228996e-07	0.000894908043852349
Neutrophil percentage of white cells	0.0247445228506535	1.51780092442834e-08	2.45580189572506e-05
Total body bone mineral density	0.0246863766762995	5.35385764508029e-08	8.46444893687194e-05
Neutrophil count	0.0245859358552263	1.67136199761329e-09	2.77780364003328e-06
Celiac disease	0.0234063194791353	4.26351144549945e-06	0.00601581464959972
Eosinophil percentage of white cells	0.023195984192773	2.03041087796169e-10	3.47606342307041e-07
Mean arterial pressure	0.0226511228827291	9.04158921292831e-06	0.012486434703054
Mean corpuscular hemoglobin	0.0220652641277778	5.04080350150425e-14	9.18434397974075e-11
Educational attainment years of education	0.0211010137977085	1.60659947270761e-37	3.09431058443487e-34
Platelet count	0.0204674451372276	1.83483181555966e-14	3.35407255884306e-11
Reticulocyte count	0.0196744866396582	1.79328314226275e-08	2.89256570846982e-05
Highest math class taken MTAG	0.0189003234841351	2.77440530249528e-29	5.32685818079095e-26
Reticulocyte fraction of red cells	0.0188141774201104	3.42491873929855e-08	5.44904571422399e-05
Educational attainment MTAG	0.0186113212390187	1.08819718329545e-28	2.08825039474397e-25
Eosinophil percentage of granulocytes	0.0185811326863636	3.21179556308938e-06	0.00455432610846075
Post bronchodilator FEV1	0.0168903865400979	1.58937378279679e-15	2.94352024573965e-12
Cognitive performance MTAG	0.01680525453936	1.98486428494588e-17	3.72559026284342e-14
Mean platelet volume	0.0166204523337888	1.66114053639172e-10	2.85051716044819e-07
Cognitive performance	0.0165773806999802	2.04325752399797e-06	0.00294842060712907
Monocyte count	0.016290197707253	6.47182658234905e-08	0.000101931268671998
Neurociticism	0.0157323972852164	2.91747563020275e-05	0.0385106783186763
Immune reponse to smallpox secreted IFN-alpha	0.0152686852154937	3.3737626926917e-05	0.0443312417819689
Neuroticism	0.0138257499066107	8.11732029723958e-10	1.36046288181735e-06
Pulse pressure	0.0128600605892985	2.550594656746e-05	0.0338463910950195
Self-reported math ability MTAG	0.0122351438595609	6.27130394150318e-12	1.11064792804021e-08
General cognitive ability	0.0118331345438449	3.1271218321541e-07	0.0004768860794035
Intelligence MTAG	0.00918788633487072	2.4578897929574e-05	0.0326653553484038
Multiple sclerosis	-0.0115470742034205	2.47214571903889e-05	0.0328300951488364
Type 2 diabetes	-0.0179643499935674	1.48445218642907e-08	2.40332808982866e-05
Intraocular pressure	-0.0199285289457861	6.36202796287727e-11	1.10572045994807e-07
Immune reponse to smallpox secreted IL-2	-0.020871327254306	2.03024968469317e-06	0.00293168054469694
Total cholesterol levels	-0.0211855969951725	1.64696846388878e-09	2.73890855544704e-06
Heel bone mineral density	-0.0220023956892866	6.58989044159886e-34	1.2665769428753e-30
Schizophrenia	-0.022202930047583	6.25942358024395e-19	1.18428294138216e-15
Highest math class taken	-0.0251467807335457	3.08600026457138e-17	5.77699249527762e-14
Hypertension	-0.0267929936068445	2.56066712098682e-05	0.0339544460242852
Blond vs. brown-over-black hair color	-0.0268100292211559	2.29372754801658e-08	3.67684525947058e-05
Response to anti-depressant treatment in major depressive disorder	-0.0277740953604285	1.4072608136839e-06	0.00205178626635113
Idiopathic membranous nephropathy	-0.0285274356103023	1.71931196899252e-06	0.00249128304307017
Obesity-related traits	-0.0291132503305633	8.99890132951473e-43	1.73498817633044e-39
Chronic lymphocytic leukemia	-0.0303426853558015	1.41279063766394e-05	0.0190161619829567
Monocyte chemoattractant protein-1 levels	-0.0303502514291136	5.96029514550672e-06	0.00832653231827289
Cholesterol, total	-0.0307820733815854	8.71783388375414e-11	1.51167239544297e-07
Non-melanoma skin cancer	-0.0310880962158272	9.22506687412357e-07	0.00136346488399546
Attention deficit hyperactivity disorder	-0.031196725274128	1.19794445211653e-05	0.0162680856597425
Lipoprotein a levels	-0.0312508705215872	4.47684156004304e-06	0.0063033929165406
Immune reponse to smallpox secreted IL-1beta	-0.0323984526112186	3.68022683852492e-10	6.24534494497679e-07
Visceral fat	-0.0327241310281715	9.82566183782885e-06	0.0134808080415012
LDL cholesterol levels	-0.0330745334514501	1.29372917153145e-07	0.000200398648670221
Atopic dermatitis	-0.0333776058921403	5.36322543370552e-06	0.00751924205805514
Response to statin therapy	-0.0333792448391973	7.24216038983546e-07	0.00107690924996853
Diisocyanate-induced asthma	-0.0340817543815506	5.5569390282792e-35	1.06859937513809e-31
Resting-state electroencephalogram vigilance	-0.0353747240504393	7.4615227689536e-08	0.000117220522700261
Anti-saccade response	-0.0378678417635402	1.22338608886799e-06	0.00179103723410274
Alanine aminotransferase ALT levels after remission induction therapy in actute lymphoblastic leukemia ALL	-0.0379071652552994	2.74936994701129e-10	4.68492638970725e-07
Systemic lupus erythematosus	-0.0384455686153247	4.46285878987618e-28	8.55530030019264e-25
Disease progression in age-related macular degeneration	-0.0386386138385166	7.1692722827051e-10	1.20443774349446e-06
Type 1 diabetes	-0.0388770179969975	1.39456553905169e-08	2.26198530434184e-05
Prostate-specific antigen levels	-0.0389302657597498	2.08248700816889e-06	0.00299461631774686
Diabetic kidney disease	-0.0391773296664691	7.26192766213048e-07	0.00107839625782638
Self-reported math ability	-0.0395883504811816	4.60607283821433e-44	8.88511450491545e-41
Fasting blood glucose BMI interaction	-0.0398274686306601	1.51410466745647e-06	0.00220302229114917
Menopause age at onset	-0.0418609701929473	3.62374763808931e-11	6.32706337610394e-08
Upper eyelid sagging severity	-0.0420516410184828	9.97389262914178e-06	0.0136642329019242
Borderline personality disorder	-0.0423210302942782	1.92485708081882e-05	0.0257160905997394
Cerebrospinal T-tau levels	-0.0425104564466267	1.76608600591842e-09	2.9334688558305e-06
Interleukin-17 levels	-0.0431693306693306	4.86842190900076e-07	0.000732210655113714
Social communication problems	-0.043241064838374	2.74731249553036e-05	0.0363194711909114
Multiple myeloma	-0.0432654490948334	7.157520410788e-08	0.000112516220857587
Elevated fasting plasma glucose	-0.0436170212765958	1.40227700483956e-06	0.00204592215006091
Sitting height ratio	-0.0440361420236087	1.21195263560551e-07	0.000188216244309536
Bilirubin levels	-0.0451601589899462	1.08306592405386e-05	0.0148163418410568
Lipoprotein phospholipase A2 activity in cardiovascular disease	-0.0460496949858652	5.14643315603822e-06	0.00722559215107766
Immune reponse to smallpox secreted IL-12p40	-0.0485372340425532	1.96274744466302e-08	3.15609789101814e-05
Cannabis use initiation	-0.0487275761368378	6.94479202154611e-07	0.00103477401121037
Corneal astigmatism	-0.0496516503905249	1.41120372789363e-10	2.42727041197704e-07
Interstitial lung disease	-0.0497966207759699	1.98289625097005e-06	0.00286528508265172
Facial morphology factor 18	-0.0504426424639191	5.93304093744251e-06	0.00829439123054462
Polycystic ovary syndrome	-0.0508645494191285	1.99564854655712e-08	3.20501156577074e-05
Amyotrophic lateral sclerosis	-0.0512389541791596	1.08643526861187e-11	1.91647181383134e-08
Cerebrospinal AB1-42 levels in normal cognition	-0.0516226090694176	4.57148139743831e-07	0.000689379394733697
Metabolite levels	-0.051671054242876	2.23567026643315e-11	3.92583698785661e-08
Systolic blood pressure x alcohol consumption light vs heavy interaction 2df test	-0.0518721526770273	2.13400345133383e-10	3.65127990523217e-07
Pediatric bone mineral content hip	-0.0521711444583785	9.25520553125423e-06	0.0127721836331308
Anxiety disorder	-0.054526649473458	3.33085846112953e-07	0.000506956657783914
Heart rate response to recovery post exercise 40 sec	-0.0545615731785944	1.36753495976277e-06	0.00199933611117317
Biochemical measures	-0.0547227595099935	1.10986058383918e-08	1.80685303049018e-05
Parental longevity combined parental attained age, Martingale residuals	-0.0548572734480391	1.4316417379967e-09	2.38654677724049e-06
C-reactive protein levels	-0.0548954591507782	7.7928511845133e-10	1.30686114364288e-06
Dementia and core Alzheimer's disease neuropathologic changes	-0.0548995682561076	1.10010847147383e-06	0.0016154634204312
Blood osmolality transformed sodium	-0.0552253827558462	8.7875978414016e-14	1.59494900821439e-10
Subclinical trait of interstitial lung disease basilar percentage of high attenuation areas on CT scan	-0.0558510638297872	1.16066936420361e-05	0.0158083167404531
Multiple system atrophy	-0.0564969604863222	1.39126071587135e-06	0.00203263190588805
Heart rate response to recovery post exercise 10 sec	-0.0570072657838616	1.06359408172875e-07	0.000165814317341512
Alcohol dependence symptom count	-0.0571777808479937	2.10312542632695e-05	0.028013630678675
Subclinical trait of interstitial lung disease basilar peel-core ratio of high attentuation areas on CT scan	-0.0580673758865248	2.06109968936492e-06	0.00297210575206422
Thyroid stimulating hormone	-0.0581659423180074	3.98351639776448e-08	6.32582403964999e-05
Mammographic density dense area	-0.0581721470019343	2.55756837430606e-06	0.00364709250176044
Classic bladder exstrophy	-0.0582739955080381	3.34963294882203e-10	5.69102638004864e-07
Worry too long after an embarrassing experience	-0.0584499454446264	1.14751451738238e-11	2.02306809414514e-08
Red blood cell density in sickle cell anemia	-0.0584557581898007	1.06057632740715e-06	0.00156116835394333
Ossification of the posterior longitudinal ligament of the spine	-0.0586879432624113	1.28868173979443e-05	0.0174229771220207
Tumor necrosis factor alpha levels	-0.0587132725430598	2.96184983202172e-06	0.00421175046113488
Renal underexcretion gout	-0.0587892603850051	1.58366722460393e-05	0.0212528141541847
Breast Cancer in BRCA1 mutation carriers	-0.0591274859891881	9.7341649173886e-08	0.000152144997658784
Heart rate response to recovery post exercise 30 sec	-0.0604287556415216	2.23415356929122e-07	0.000343165988243131
Chronic kidney disease	-0.0608472093740364	4.68325799484182e-10	7.92407252727237e-07
Neurofibrillary tangles	-0.0609577492282437	1.41963428926858e-06	0.00206840715946431
Heart rate response to recovery post exercise 20 sec	-0.061592042709064	2.41897711137385e-09	4.00340711932372e-06
Complement C3 and C4 levels	-0.0617021276595744	1.40061860700743e-06	0.00204490316623085
Glaucoma primary open-angle	-0.0627644247260549	2.7187051228887e-16	5.06222893881875e-13
Platelet-derived growth factor BB levels	-0.0633890931763271	2.46543739927901e-10	4.20850164056928e-07
Sex hormone-binding globulin levels	-0.063801889599762	2.83288774729017e-07	0.000433431825335396
Fasting blood glucose	-0.0639154199974469	1.41015899153129e-10	2.42688362442535e-07
Asthma childhood onset	-0.0639162668613545	1.01829293171105e-07	0.000158853697346923
Cardiac Troponin-T levels	-0.0643384215388282	1.35465659237518e-08	2.19860764942491e-05
Response to anti-TNF therapy in rheumatoid arthritis	-0.0645833333333333	3.79342857529459e-06	0.00536011457689125
Bone ultrasound measurement broadband ultrasound attenuation	-0.0653028635076508	1.83720580166457e-08	2.96157575228328e-05
Maximum cranial width	-0.0654085276425702	7.67421949544478e-10	1.28773403133563e-06
Bone mineral density hip	-0.0654133027780114	2.49686826333216e-13	4.51184095184122e-10
vWF and FVIII levels	-0.0657640232108318	1.58710290528918e-09	2.6409392344012e-06
Attention deficit hyperactivity disorder or cannabis use	-0.0683380449337897	2.93487769866846e-06	0.00417633096520522
Interleukin-1-beta levels	-0.0683573961499493	2.38970759507578e-07	0.000366820115844132
Sleep duration	-0.0690632924475786	3.1228861844229e-15	5.76172501026024e-12
Oppositional defiant disorder dimensions in attention-deficit hyperactivity disorder	-0.0691616376952809	5.19305868194817e-07	0.000779478108160421
Residual cognition	-0.0704576156703815	5.4705139941665e-09	8.97711346442722e-06
Hepatocyte growth factor levels	-0.0705284077624503	3.02530191110311e-11	5.29125304251933e-08
&beta;2-Glycoprotein I &beta;2-GPI plasma levels	-0.0707446808510638	3.77801878896203e-06	0.00534211856759231
Facial morphology factor 5, width of mouth relative to central midface	-0.0712322695035461	5.38142996487976e-06	0.00753938338079655
Lipoprotein-associated phospholipase A2 activity and mass	-0.071623146357189	4.30338856722473e-13	7.73749264387007e-10
Chronotype	-0.0716300452259464	6.97167513145833e-14	1.26745053889912e-10
Advanced glycation end-product levels	-0.0718085106382979	1.30897832718184e-05	0.0176581176336831
Brown vs. black hair color	-0.0719660879900242	2.23764257431087e-09	3.70553610305879e-06
Neonatal cytokine-over-chemokine levels fetal genetic effect	-0.072557835190814	1.32353783524869e-08	2.14942544444388e-05
Migraine - clinic-based	-0.0731382978723404	9.64021454989122e-11	1.66872113858617e-07
Inflammatory biomarkers	-0.0740881458966565	2.3336666237732e-05	0.0310377660961836
Pain medicine use during menstruation	-0.0759371833839919	9.41763304582325e-06	0.0129680807040986
Hemoglobin	-0.0760933806146573	2.41421864340235e-10	4.12348544293121e-07
Vitamin B12 levels	-0.076241134751773	3.23656449478371e-12	5.75784823622023e-09
Type 2 diabetes and other traits	-0.0762411347517731	7.65123858123394e-06	0.0106122679121715
Loneliness	-0.0762545669460563	4.17246710990991e-08	6.62170530342702e-05
Body mass index x sex x age interaction 4df test	-0.0764426176660219	9.2551986276498e-08	0.000144843858522719
Bone fracture in osteoporosis	-0.0767983789260386	4.18127699792883e-08	6.63150531871513e-05
Serum dimethylarginine levels asymmetric-over-symetric ratio	-0.0773049645390071	1.68890173974888e-05	0.02259750527784
Crohn's disease-related phenotypes	-0.0776595744680851	1.76474000136915e-05	0.0235945738183055
Carotid intima media thickness	-0.0776595744680851	1.28884627534311e-05	0.0174229771220207
IgG fucosylation phenotypes multivariate analysis	-0.0781914893617021	2.02732554301247e-05	0.0270445227437864
Homocysteine levels	-0.0783365570599613	4.78932288831948e-11	8.35257911722917e-08
Hemoglobin levels	-0.0787234042553191	4.84074236174741e-06	0.00680608376061686
Vertical cup-disc ratio	-0.0788583957285788	8.1795106911657e-10	1.37006804077025e-06
Alzheimer's disease biomarkers	-0.0801852107703172	1.81620337772814e-07	0.000279876940507906
Placental abruption	-0.0807624113475177	9.9770918761927e-08	0.000155742404187368
Airway responsiveness in chronic obstructive pulmonary disease	-0.0807921688240836	2.04664315639646e-13	3.70033082676481e-10
Menstruation quality of life impact acne	-0.0811803444782168	1.83538421133929e-06	0.00265580095380796
Freckling	-0.081560283687943	1.46144602156275e-06	0.00212786540739537
Hippocampal subfield CA3 volume	-0.0815602836879432	3.24902597536364e-05	0.0427246915760319
Skin pigmentation	-0.0815617805316967	7.0717355942931e-24	1.34928715139112e-20
Mammographic density	-0.0819148936170213	1.27803935296607e-05	0.017291872445631
Tourette's syndrome or obsessive-compulsive disorder	-0.08228128254724	1.20319343231015e-10	2.07189909043809e-07
White matter hyperintensity burden	-0.0823560452549815	4.2195046466171e-06	0.00595794056102335
Nicotine use	-0.0824468085106383	6.99427437517414e-09	1.14286443290345e-05
Mortality in sepsis	-0.0825122424856468	4.63263580842672e-10	7.84305242366643e-07
Recalcitrant atopic dermatitis	-0.0827127659574468	1.09797072224669e-05	0.0149873003586673
Body mass index  smoking years interaction	-0.0833333333333332	3.40789253348636e-06	0.00482557582741669
IgG N-glycosylation phenotypes multivariate analysis	-0.0835233029381965	3.12254869218014e-07	0.00047650093042669
Interleukin-4 levels	-0.0844953214634064	1.01991311987886e-10	1.76342978427056e-07
Loneliness MTAG	-0.0847158160987947	1.34804844984883e-09	2.24854481434786e-06
Epilepsy generalized	-0.0854609929078014	1.18786392088116e-10	2.04668953567823e-07
Photic sneeze reflex	-0.0859929078014185	1.60019674749306e-06	0.00232508587410741
Systolic blood pressure cigarette smoking interaction	-0.086195542046606	1.56563604029012e-09	2.60834964312334e-06
Interleukin-5 levels	-0.0873965721040189	5.32677128263025e-11	9.27390880305926e-08
Coffee consumption	-0.0876625295508274	1.00306170652141e-10	1.73529675228205e-07
Response to simvastatin treatment PCSK9 protein level change	-0.0881458966565349	2.03404339903593e-08	3.26463965545267e-05
Economic and political preferences	-0.0887632978723404	9.68522607077513e-15	1.77820750659431e-11
Asparaginase hypersensitivity in acute lymphoblastic leukemia	-0.0899949341438704	2.74404987743053e-07	0.000420388441222357
Smoking cessation in chronic obstructive pulmonary disease	-0.0901469098277608	9.1570495516521e-08	0.000143399395978872
Regular attendance at a religious group	-0.090434223334724	6.66478426798979e-15	1.22632030531012e-11
Fractional exhaled nitric oxide childhood	-0.0904635258358663	5.633610854654e-09	9.23912180163256e-06
Emphysema distribution in smoking	-0.0908687943262411	5.97318385870986e-10	1.00648148019261e-06
Facial morphology factor 3, length of philtrum	-0.0926713947990544	1.03315144167736e-14	1.89479974403628e-11
Estradiol levels	-0.0929964539007092	1.14592216727121e-08	1.86441536615027e-05
Cutaneous malignant melanoma	-0.0936291102514507	1.58274144568084e-09	2.6352645070586e-06
Body mass index in asthmatics	-0.0938829787234043	1.09970280492253e-06	0.0016154634204312
Body mass index in non-asthmatics	-0.0939716312056737	1.08132792620538e-10	1.86637200063049e-07
Self-rated health	-0.0941341607565012	3.06842691738371e-09	5.05983598676574e-06
Abdominal aortic aneurysm	-0.0942521131350919	1.85552283163928e-14	3.39004021340497e-11
Delta-6 desaturase activity	-0.0952127659574468	1.67575552396595e-07	0.000258401501795549
Pulmonary function in asthmatics	-0.0973488686254644	1.58829801975371e-11	2.79540451476652e-08
Dentate gyrus granule cell layer volume	-0.0983156028368795	3.40847853731391e-08	5.42970630994105e-05
Hippocampal subfield CA4 volume	-0.0983156028368795	3.40847853731391e-08	5.42970630994105e-05
Atopic march	-0.0984042553191489	7.06858703521796e-09	1.15430026285109e-05
Esophageal adenocarcinoma x smoking interaction	-0.0984042553191489	7.58442804493001e-06	0.0105271861263629
Response to gemcitabine in pancreatic cancer	-0.099113475177305	4.22701467009483e-12	7.49872402474823e-09
Blood pressure traits multi-trait analysis	-0.0993161094224924	2.19243124572652e-07	0.000336976682468166
Obesity early onset extreme	-0.100689069487444	9.31995762836451e-19	1.76147199176089e-15
Cerebrospinal fluid α-synuclein levels	-0.100797872340426	8.94323096157364e-11	1.54986192564071e-07
Rhegmatogenous retinal detachment	-0.101950354609929	5.35146600539545e-15	9.85740038193841e-12
Feeling lonely	-0.102127659574468	2.57564726374092e-10	4.39405423194201e-07
IgG sialylation phenotypes multivariate analysis	-0.102203647416413	4.40766086011344e-08	6.9861424632798e-05
Remission after SSRI treatment in MDD or neuroticism	-0.104736575481256	7.21851012564394e-09	1.17806085250509e-05
Leisure-time exercise behaviour	-0.105053191489362	1.65877537687414e-06	0.0024052242964675
Delta-5 desaturase activity response to n3-polyunsaturated fat supplement	-0.106028368794326	7.68211972791129e-17	1.43501996517383e-13
Plasma amyloid beta peptide concentrations ABx-40	-0.106319655521783	3.26002381083836e-10	5.54204047842521e-07
Lung cancer smoking interaction	-0.106382978723404	1.30407331760695e-05	0.0176049897876938
Ischemic stroke small-vessel	-0.106382978723404	1.25648140248513e-05	0.0170253230036736
Adverse response to chemotherapy neutropenia-over-leucopenia all anthracycline-based drugs	-0.106648936170213	2.95317751016559e-08	4.71327130622429e-05
Conduct disorder symptom count	-0.107280249301526	8.75692403611424e-13	1.56836509486806e-09
Percent mammographic density	-0.107446808510638	4.65918611837586e-07	0.000701673429427404
QT interval drug interaction	-0.107467266775777	5.86599879067411e-14	1.06761177990269e-10
Thrombin-activatable fibrinolysis inhibitor activation peptide	-0.108156028368794	5.81223077354675e-08	9.16588792988322e-05
Adverse response to chemotherapy in breast cancer alopecia paclitaxel	-0.108599290780142	1.46480211088248e-13	2.65275662280817e-10
Hemoglobin A2 levels in sickle cell anemia	-0.109042553191489	9.7761193797392e-08	0.000152702984711526
Menstruation quality of life impact headache	-0.109042553191489	1.43882483797426e-05	0.0193378058223741
Verbal memory performance residualized delayed recall level	-0.109067882472138	6.64159941237291e-13	1.19283125446217e-09
AIDS	-0.109422492401216	4.98183127082433e-10	8.41929484769312e-07
Cerebral amyloid angiopathy	-0.109485815602837	8.17699864960319e-07	0.00121101350000623
Hippocampal tail volume corrected for total hippocampal volume	-0.109929078014184	4.86069766069077e-09	7.98126555885424e-06
Adverse response to chemotherapy neutropenia-over-leucopenia all platinum-based drugs	-0.110195035460993	7.18860078921034e-15	1.32054596497794e-11
Sleep quality	-0.110992907801418	1.267094797436e-09	2.11604831171812e-06
Overall survival in osteosarcoma	-0.112831391421817	2.89147955507152e-14	5.27695018800552e-11
Lymphoma	-0.113475177304964	4.80003980980859e-07	0.000722405991376192
Lung function forced vital capacity	-0.113475177304965	6.45111831012953e-06	0.00899285892432056
Iron status biomarkers ferritin levels	-0.113570162107396	1.43580524888712e-15	2.66054712618783e-12
Eye color	-0.11362293144208	2.11786885392932e-16	3.94982541257817e-13
Blood pressure measurement low sodium intervention	-0.11436170212766	4.40494458560677e-06	0.00620656692111993
IgG digalactosylation phenotypes multivariate analysis	-0.118617021276596	3.82865296659601e-09	6.30196278301703e-06
Aggressive periodontitis	-0.119414893617021	1.88598984843378e-08	3.03832964582681e-05
Osteoprotegerin levels	-0.120567375886525	1.46037573324069e-05	0.0196128460974225
Mortality in heart failure	-0.121409574468085	6.89934484279972e-15	1.26878951659087e-11
Behcet's disease	-0.12145390070922	4.90835719619432e-14	8.94793516866225e-11
Glaucoma high intraocular pressure	-0.121808510638298	2.5481452578644e-13	4.60195033570312e-10
Blood and toenail selenium levels	-0.122823984526112	1.1125816046097e-18	2.0994414878985e-15
B-cell malignancies chronic lymphocytic leukemia, Hodgkin lymphoma or multiple myeloma pleiotropy	-0.124351741638976	1.01112044276647e-18	1.91000651638587e-15
L-arginine levels	-0.125	1.08612534424842e-05	0.014847333455876
Bone mineral density femoral neck in inflammatory bowel disease	-0.12677304964539	2.08447819979807e-12	3.71870910843976e-09
Visceral adipose tissue	-0.127659574468085	1.09810585912884e-10	1.89423260699725e-07
Hepatocellular carcinoma in hepatitis B infection	-0.127659574468085	1.41394176040993e-05	0.0190175166775136
Circulating vasoactive peptide levels	-0.13031914893617	2.59608118357652e-05	0.0343980756823888
Memory dysfunction in frontotemporal lobe dementia	-0.131294326241135	2.63565671457992e-11	4.61767056394403e-08
Response to SSRI in MDD or openness	-0.131382978723404	1.55766605439343e-13	2.81937555845211e-10
Incident myocardial infarction	-0.13209219858156	1.09590753991111e-07	0.000170742394718151
Disease-free survival in breast cancer	-0.13386524822695	6.92487205177726e-07	0.00103249842291999
Cerebrospinal AB1-42 levels in Alzheimer's disease dementia	-0.13563829787234	8.86431007834319e-07	0.00131103146058696
Suicide ideation score in major depressive disorder	-0.136524822695035	3.525722423378e-09	5.80686483130356e-06
Biliary atresia	-0.136790780141844	2.72799009279232e-11	4.77398266238655e-08
Migraine with aura	-0.137814313346228	2.17142573695125e-18	4.08879466267921e-15
Airway imaging phenotypes	-0.138962765957447	5.07603853427066e-20	9.62416906097717e-17
Response to lurasidone in schizophrenia	-0.13927304964539	3.5248006032001e-13	6.34816588636337e-10
Osteoarthritis of the hip with total joint replacement	-0.13936170212766	1.21166452666747e-09	2.02469142406134e-06
Tumor biomarkers	-0.140450861195542	2.00240831368136e-17	3.75651799646623e-14
Overweight status	-0.140957446808511	4.86380135219513e-08	7.6945337391727e-05
Response to methotrexate in rheumatoid arthritis	-0.140957446808511	3.62534148687976e-08	5.76066762265194e-05
Urinary metabolite ratios in chronic kidney disease	-0.142287234042553	1.19350957103751e-05	0.0162197950703998
Gallstone disease	-0.143085106382979	1.22008973002874e-12	2.18152043729139e-09
BMI in smokers	-0.144577423167849	4.30738131067758e-16	8.00311447523894e-13
Retinal arteriolar caliber	-0.146276595744681	8.28418227517346e-07	0.00122605897672567
HDL Cholesterol - Triglycerides HDLC-TG	-0.147163120567376	1.40808038042571e-14	2.57960325693989e-11
Serum albumin level	-0.148936170212766	1.02704466767693e-06	0.00151283679548812
Sporadic neuroblastoma	-0.149822695035461	3.05552199093172e-15	5.64049359525995e-12
Longevity 90 years and older	-0.150202634245187	8.19113489379489e-17	1.52928488467151e-13
Suicide in bipolar disorder	-0.150265957446809	2.8267359939273e-08	4.51995085428976e-05
Low tan response	-0.1511194872897	5.2356726032398e-47	1.01048481242528e-43
Response to olanzapine in schizophrenia	-0.151595744680851	9.9295448803975e-06	0.013613406031025
Survival in colorectal cancer distant metastatic	-0.151595744680851	6.38092032881488e-07	0.000953309497124943
Membranous nephropathy	-0.151595744680851	1.41285375435744e-08	2.29023593581341e-05
Yeast infection	-0.151595744680851	2.29191348637086e-06	0.0032797281989967
Adverse response to chemotherapy in breast cancer alopecia docetaxel	-0.152039007092199	1.45814283783661e-12	2.60570125121403e-09
Response to perphenazine in schizophrenia	-0.156914893617021	1.40964522183997e-11	2.48238523566018e-08
Autism spectrum disorder	-0.158687943262411	2.23399548527202e-12	3.98097995475474e-09
Metabolite levels HVA-5-HIAA Factor score	-0.159872662798195	5.26617861203103e-25	1.00531349703672e-21
Vitamin D levels dietary vitamin D intake interaction	-0.160460992907801	1.03918857935105e-10	1.79467867653926e-07
Menarche and menopause age at onset	-0.161702127659574	3.31276240002928e-14	6.0424786176534e-11
Congenital left-sided heart lesions	-0.162234042553191	5.25565027210285e-14	9.5705391454993e-11
Myeloproliferative neoplasms	-0.164893617021277	3.18005449323817e-10	5.40927269299813e-07
Response to montelukast in asthma change in FEV1	-0.167553191489362	1.65142049009547e-05	0.0221455487721803
Coronary artery disease in diabetes	-0.170212765957447	4.93978992040076e-10	8.35318475539769e-07
Crohn's disease and psoriasis	-0.170212765957447	7.0020636122448e-08	0.000110212481256733
Fear of minor pain	-0.170214513792424	7.55357227895465e-40	1.45557337815456e-36
Inguinal hernia	-0.172872340425532	2.84700241217532e-09	4.70040098250145e-06
Urinary tract infection frequency	-0.175531914893617	3.3362277837098e-12	5.93181299943602e-09
Retinol levels	-0.178191489361702	4.65318338092843e-07	0.000701234735505915
circulating leptin levels	-0.180851063829787	1.15222784520999e-06	0.00168916602107785
Wilms tumor	-0.181914893617021	2.62412178210932e-25	5.01469672561091e-22
Asthma bronchodilator response	-0.183510638297872	4.15369218504961e-12	7.37280362846306e-09
Bipolar I disorder	-0.183510638297872	1.39897466052917e-13	2.53494208487885e-10
Response to methylphenidate treatment in attention-deficit-over-hyperactivity disorder blood pressure	-0.184929078014184	2.9264569867609e-26	5.59538575868684e-23
Cataracts in type 2 diabetes	-0.186170212765957	7.52346398995682e-08	0.000118118384642322
Urinary electrolytes magnesium-over-calcium ratio	-0.187056737588652	5.29347097051651e-11	9.22122643063975e-08
Fibrinogen levels smoking status, alcohol consumption or body mass index interaction	-0.188829787234043	3.25332938029654e-08	5.18580703219268e-05
Waist Circumference - Triglycerides WC-TG	-0.18927304964539	1.67912707409103e-14	3.0711234185125e-11
Gestational age at birth in premature rupture of membrane-initiated deliveries child effect	-0.192375886524823	6.98489661697648e-22	1.32922582621062e-18
Progression free survival in metastatic colorectal cancer CAPOX-B vs CAPOX-B plus cetuximab	-0.193262411347518	1.20139436857372e-13	2.17812799022415e-10
Renal function-related traits urea	-0.194148936170213	5.24452660937e-07	0.000786154538744563
Black vs. blond hair color	-0.197695035460993	7.76425538110924e-30	1.49151345871108e-26
Circulating myeloperoxidase levels serum	-0.197783687943262	2.14117831398895e-16	3.9911563772754e-13
Parkinson's disease age of onset	-0.199024822695035	9.70720172392475e-15	1.78127151634019e-11
Black vs. red hair color	-0.2	1.66881125054457e-28	3.20077997854449e-25
MGMT methylation in smokers	-0.204787234042553	2.65367316643858e-10	4.52451274877778e-07
Incident coronary heart disease	-0.207446808510638	1.71304710002003e-11	3.01324984893524e-08
Brain structure	-0.210106382978723	1.27984231778843e-09	2.13605682838888e-06
Supraventricular ectopy	-0.210372340425532	3.30304086084502e-25	6.30880804421399e-22
Change in intraocular pressure in response to steroid treatment triamcinolone acetonide	-0.212765957446808	3.44619869516033e-05	0.0452141268805036
Chronic myeloid leukemia	-0.218085106382979	1.91396505847225e-08	3.08148374414033e-05
Body mass index age interaction	-0.218085106382979	1.48466829442633e-07	0.000229381251488867
Perceived skin darkness	-0.220744680851064	8.96809367426741e-11	1.55327382438312e-07
Bronchopulmonary dysplasia in preterm infants	-0.222517730496454	1.70433837202902e-08	2.75250647082687e-05
Coronary restenosis	-0.223404255319149	2.06452201711062e-06	0.0029749762266564
Iron levels	-0.223404255319149	9.63554582814869e-06	0.0132405436009693
Cerivastatin-induced rhabdomyolysis	-0.228723404255319	3.09345063769382e-07	0.000472369912375846
Plasma neurofilament light levels	-0.228723404255319	9.75778507352166e-06	0.0133974389059452
Hemoglobin A1c levels	-0.230496453900709	4.31229458631773e-12	7.64569830154133e-09
IgE levels in asthmatics D.f. specific	-0.234042553191489	1.26739526842758e-05	0.0171605319345094
Philtrum width	-0.236702127659574	3.84500723915029e-13	6.91716802323138e-10
Type 2 diabetes nephropathy	-0.237765957446808	2.30910222905157e-26	4.4196216664047e-23
End-stage renal disease	-0.25	7.46032423960136e-06	0.0103623903688063
Paraoxonase activity	-0.25	6.55118412283041e-10	1.10190916946008e-06
Cholesterol and Triglycerides	-0.25	2.39608035312723e-06	0.00342399882461882
Cleft palate	-0.252659574468085	1.33480315990216e-16	2.49074269637743e-13
Serum ceruloplasmin levels	-0.25531914893617	6.40429179198584e-09	1.04838256634808e-05
Crohn's disease and celiac disease	-0.257978723404255	1.0557184197203e-12	1.88973597129934e-09
Inflammatory biomarkers in Kawasaki disease	-0.26063829787234	7.56083987397486e-10	1.26946501484038e-06
Neuroblastoma 1p deletion	-0.26063829787234	4.8231194370357e-08	7.63499806882752e-05
Pharmacokinetics of antidepressant drugs in severe mental disorder concentration dose ratio	-0.26063829787234	1.91825975662467e-08	3.08647994840909e-05
Ankle-brachial index	-0.263297872340426	7.22810186166183e-12	1.27648278876948e-08
Kidney disease end stage renal disease vs non-end stage renal disease in type 1 diabetes	-0.265957446808511	3.39081705167249e-07	0.000515743273559386
Cleft lip	-0.271276595744681	1.16385033676069e-07	0.000180978727366287
Proliferative diabetic retinopathy in type 2 diabetes	-0.271276595744681	1.25232833929224e-07	0.000194236125424227
Anxiety and major depressive disorder	-0.271276595744681	6.8221074921262e-12	1.2054663938587e-08
Body fat mass	-0.271276595744681	1.41573244176542e-08	2.29348655565998e-05
Resistin levels	-0.273492907801418	3.91274509001598e-23	7.45377939648044e-20
Dentate gyrus molecular layer volume corrected for total hippocampal volume	-0.276595744680851	7.36581317691822e-09	1.20136412915536e-05
Non-albumin protein levels	-0.278368794326241	2.90624338082327e-18	5.4695500427094e-15
Response to metformin in type 2 diabetes HbA1c reduction	-0.281914893617021	7.05593108108761e-08	0.000110989795905508
Cystic fibrosis-related diabetes	-0.297872340425532	6.71742142856402e-09	1.09897014571307e-05
Gene methylation in lung tissue	-0.303191489361702	2.97794355385274e-17	5.57768827636619e-14
Bone mineral density paediatric, skull	-0.303191489361702	1.84987030881786e-15	3.42410994162185e-12
Optic disc area	-0.306705927051672	3.76544896596578e-35	7.24472381051817e-32
Diabetes gestational	-0.308510638297872	3.29116344906016e-16	6.12485517870096e-13
Alcohol consumption heavy vs. light-over-non-drinkers	-0.319148936170213	2.18621507796803e-09	3.62255838419303e-06
Insulin secretion rate	-0.324468085106383	1.19723295779497e-09	2.00177350543319e-06
Skin colour saturation	-0.341755319148936	4.00058785416222e-36	7.70113161926228e-33
Tooth agenesis mandibular second premolars	-0.351063829787234	3.73120868148604e-15	6.87661759997876e-12
Erythrocyte sedimentation rate	-0.356382978723404	3.46149918916016e-12	6.15108405913761e-09
BMI smoking interaction	-0.398936170212766	2.02849955752167e-27	3.884576652654e-24
Sub-foveal choroidal thickness	-0.398936170212766	6.58197095411097e-14	1.19726051655279e-10
Ratio of the peak velocity of the mitral E-Wave divided by the peak velocity of the mitral A-wave.	-0.462765957446809	1.98788368777676e-18	3.74517286777142e-15
Skin sensitivity to sun	-0.574468085106383	1.08664965830738e-27	2.08202074531694e-24
Low white blood cell count	-0.73936170212766	4.88573049150159e-48	9.44411704007257e-45
Neutrophil count in HIV-infection	-0.73936170212766	4.88573049150159e-48	9.44411704007257e-45
Neutrophil level response to clozapine in treatment-resistant schizophrenia	-0.73936170212766	4.88573049150159e-48	9.44411704007257e-45
