"clm.logp"	"clm.p"	"cho.logp"	"ho.p"	"delta.p"	"ID"
4.29137857120951	0.0510700552053386	1.14770350188317	0.451343112807608	3.14367506932635	"BIOCARTA_ACE2_PATHWAY"
6.00869797308938	0.0155310806606304	3.87533231618948	0.0681410356029786	2.1333656568999	"BIOCARTA_ACH_PATHWAY"
1.47332105649677	0.360152280216424	1.4463996901013	0.366935987487197	0.0269213663954717	"BIOCARTA_AGPCR_PATHWAY"
3.77286348063004	0.0731568374510448	1.60288440413586	0.329218108041609	2.16997907649418	"BIOCARTA_AGR_PATHWAY"
5.14254814489672	0.0283099273093384	3.00826420028563	0.12428600854261	2.13428394461109	"BIOCARTA_AKAP13_PATHWAY"
1.04903332067931	0.483291886228974	2.23200462425881	0.212862744648899	-1.1829713035795	"BIOCARTA_AKAPCENTROSOME_PATHWAY"
2.09072423208581	0.234762806923164	2.04289930282664	0.242675555110399	0.0478249292591668	"BIOCARTA_AKT_PATHWAY"
3.06624698221095	0.119389926336975	4.16201792089747	0.0558608787492335	-1.09577093868652	"BIOCARTA_ALK_PATHWAY"
1.32054178573993	0.400384551241956	3.80706234830825	0.0714430583738649	-2.48652056256832	"BIOCARTA_AMI_PATHWAY"
1.72349386023235	0.302814488565505	1.68661146926705	0.310655721557765	0.0368823909653015	"BIOCARTA_ARAP_PATHWAY"
0.135319047039763	0.910468464361433	1.28799851083755	0.409518771638556	-1.15267946379779	"BIOCARTA_ARENRF2_PATHWAY"
0.759549490129384	0.590680753588629	0.739910727613216	0.598776402790199	0.0196387625161684	"BIOCARTA_ARF_PATHWAY"
2.06977734675088	0.238196257853496	0.91874843125682	0.528967712070824	1.15102891549405	"BIOCARTA_ASBCELL_PATHWAY"
1.44215313314271	0.368017650674673	0.699520513970114	0.615776828799191	0.742632619172592	"BIOCARTA_AT1R_PATHWAY"
5.63451502563078	0.0201299161686248	0.53870210117383	0.688389930195895	5.09581292445695	"BIOCARTA_ATM_PATHWAY"
3.16425479632863	0.11154866893256	1.8933181778129	0.269187219860457	1.27093661851573	"BIOCARTA_ATRBRCA_PATHWAY"
4.14585440589029	0.0564902460252235	1.62832988474599	0.323462442668301	2.51752452114431	"BIOCARTA_BAD_PATHWAY"
1.04903332067931	0.483291886228974	2.23200462425881	0.212862744648899	-1.1829713035795	"BIOCARTA_BARR_MAPK_PATHWAY"
1.31232003607657	0.402672809859285	0.37738857984105	0.769829798026012	0.934931456235524	"BIOCARTA_BARRESTIN_PATHWAY"
0.759549490129384	0.590680753588629	3.02043274843194	0.123242115014613	-2.26088325830255	"BIOCARTA_BARRESTIN_SRC_PATHWAY"
3.05472855778212	0.120346946464433	0.43472607630646	0.739834213194295	2.62000248147566	"BIOCARTA_BBCELL_PATHWAY"
0.929289499252532	0.525116888541704	3.68554175055295	0.0777215374132686	-2.75625225130042	"BIOCARTA_BCR_PATHWAY"
2.13610299914609	0.227493463870422	6.14793044607675	0.0141022537354586	-4.01182744693066	"BIOCARTA_BIOPEPTIDES_PATHWAY"
3.93709038223701	0.0652856450232218	1.02594111704956	0.491089840834059	2.91114926518745	"BIOCARTA_BLYMPHOCYTE_PATHWAY"
0.445001928695801	0.734583334596034	1.4463996901013	0.366935987487197	-1.0013977614055	"BIOCARTA_BTG2_PATHWAY"
2.84248718371547	0.139420326487687	6.31584718158797	0.0125527982922449	-3.4733599978725	"BIOCARTA_CALCINEURIN_PATHWAY"
6.41222962835019	0.0117415800354622	1.54024261889553	0.34382762797305	4.87198700945466	"BIOCARTA_CARDIACEGF_PATHWAY"
1.55234739842527	0.340954847507258	1.51082860230883	0.350909618438824	0.0415187961164363	"BIOCARTA_CARM_ER_PATHWAY"
0.452046750994773	0.731005035363947	0.10090823734273	0.932445792790704	0.351138513652043	"BIOCARTA_CASPASE_PATHWAY"
4.69007357886068	0.0387388898513708	1.28671671400209	0.409882780045413	3.40335686485859	"BIOCARTA_CBL_PATHWAY"
4.15760023598706	0.0560321928293556	4.08443217151745	0.0589472298939437	0.0731680644696073	"BIOCARTA_CCR3_PATHWAY"
0.759549490129384	0.590680753588629	0.739910727613216	0.598776402790199	0.0196387625161684	"BIOCARTA_CCR5_PATHWAY"
3.62007610362554	0.0813295756344223	0.91874843125682	0.528967712070824	2.70132767236872	"BIOCARTA_CD40_PATHWAY"
0.337331921010765	0.791503743566077	2.45917163351434	0.181850949853344	-2.12183971250357	"BIOCARTA_CDK5_PATHWAY"
1.88740763548687	0.270292308613378	3.27665602772038	0.103187775513331	-1.3892483922335	"BIOCARTA_CDMAC_PATHWAY"
2.76072777228334	0.14754963200212	1.28671671400209	0.409882780045413	1.47401105828125	"BIOCARTA_CELL2CELL_PATHWAY"
1.93952298304949	0.260702625447502	0.0888913350720422	0.940245019838305	1.85063164797745	"BIOCARTA_CELLCYCLE_PATHWAY"
5.29062641397265	0.0255483439050075	5.20035707306683	0.0271979726577046	0.0902693409058175	"BIOCARTA_CERAMIDE_PATHWAY"
1.47332105649677	0.360152280216424	0.43472607630646	0.739834213194295	1.03859498019031	"BIOCARTA_CFTR_PATHWAY"
8.6770256148069	0.0024431774810074	2.78790445854846	0.144796189481343	5.88912115625844	"BIOCARTA_CHEMICAL_PATHWAY"
1.44187894232697	0.36808760076566	2.57613792922303	0.167689245371316	-1.13425898689606	"BIOCARTA_CHREBP_PATHWAY"
0.940647751827455	0.520998905979048	0.91874843125682	0.528967712070824	0.0218993205706345	"BIOCARTA_CK1_PATHWAY"
0.25803244467673	0.836227593833593	2.02983147757526	0.244883677795085	-1.77179903289853	"BIOCARTA_CLASSIC_PATHWAY"
0.135319047039763	0.910468464361433	3.80706234830825	0.0714430583738649	-3.67174330126848	"BIOCARTA_COMP_PATHWAY"
1.10975285305067	0.463373404278638	1.07992693678096	0.473052779835035	0.029825916269707	"BIOCARTA_CREB_PATHWAY"
0.452046750994773	0.731005035363947	3.31633427380661	0.100388486792311	-2.86428752281183	"BIOCARTA_CSK_PATHWAY"
0.934313352489468	0.523291470052613	0.078343288990228	0.947144670902492	0.85597006349924	"BIOCARTA_CTCF_PATHWAY"
1.10975285305067	0.463373404278638	0.437340028282083	0.738494955664154	0.672412824768585	"BIOCARTA_CTLA4_PATHWAY"
1.44187894232697	0.36808760076566	2.57613792922303	0.167689245371316	-1.13425898689606	"BIOCARTA_CXCR4_PATHWAY"
0.153652301076076	0.898971758568146	1.40792401721003	0.376853574710874	-1.25427171613395	"BIOCARTA_CYTOKINE_PATHWAY"
2.76072777228334	0.14754963200212	0.37738857984105	0.769829798026012	2.38333919244229	"BIOCARTA_D4GDI_PATHWAY"
0.759549490129384	0.590680753588629	1.68661146926705	0.310655721557765	-0.927061979137661	"BIOCARTA_DC_PATHWAY"
3.27665739652695	0.103187677610424	0.588559738504064	0.665006460500458	2.68809765802289	"BIOCARTA_DEATH_PATHWAY"
2.6289906682127	0.161657162129908	1.40792401721003	0.376853574710874	1.22106665100268	"BIOCARTA_ECM_PATHWAY"
4.97229866436386	0.0318558321688424	2.04289930282664	0.242675555110399	2.92939936153722	"BIOCARTA_EDG1_PATHWAY"
0.844732261854214	0.556814134174143	0.823984050853945	0.564879852056971	0.0207482110002692	"BIOCARTA_EFP_PATHWAY"
0.72318192168959	0.605759939975315	3.60437602116753	0.0822194755007455	-2.88119409947794	"BIOCARTA_EGF_PATHWAY"
3.05472855778212	0.120346946464433	3.00826420028563	0.12428600854261	0.0464643574964883	"BIOCARTA_EGFR_SMRTE_PATHWAY"
0.105179530965394	0.929689243599683	1.07992693678096	0.473052779835035	-0.974747405815567	"BIOCARTA_EICOSANOID_PATHWAY"
0.0819386881417735	0.944787191843954	0.907061725783049	0.53327007393968	-0.825123037641276	"BIOCARTA_EIF4_PATHWAY"
3.05472855778212	0.120346946464433	1.4463996901013	0.366935987487197	1.60832886768082	"BIOCARTA_EOSINOPHILS_PATHWAY"
0.153652301076076	0.898971758568146	2.57613792922303	0.167689245371316	-2.42248562814695	"BIOCARTA_EPO_PATHWAY"
3.05472855778212	0.120346946464433	0.43472607630646	0.739834213194295	2.62000248147566	"BIOCARTA_EPONFKB_PATHWAY"
0.615907368968553	0.652519368770329	0.148159340843391	0.902401054779092	0.467748028125162	"BIOCARTA_ERAD_PATHWAY"
6.92065334615874	0.00825421455007568	6.79996962277808	0.00897439486025761	0.120683723380666	"BIOCARTA_ERK_PATHWAY"
0.294752190795654	0.815212347976624	0.28656200792365	0.81985347161166	0.00819018287200335	"BIOCARTA_ERK5_PATHWAY"
0.759549490129384	0.590680753588629	0.739910727613216	0.598776402790199	0.0196387625161684	"BIOCARTA_ETS_PATHWAY"
1.17203039082806	0.443796319826218	2.45917163351434	0.181850949853344	-1.28714124268628	"BIOCARTA_EXTRINSIC_PATHWAY"
2.00267195402231	0.249537414150711	1.12171503039615	0.459547205240105	0.880956923626159	"BIOCARTA_FAS_PATHWAY"
1.12303780523752	0.459126049781186	5.0593155830911	0.029991228242767	-3.93627777785358	"BIOCARTA_FCER1_PATHWAY"
1.31232003607657	0.402672809859285	1.28671671400209	0.409882780045413	0.025603322074484	"BIOCARTA_FIBRINOLYSIS_PATHWAY"
0.863648139530389	0.549561125508308	3.49614686838856	0.0886247296483286	-2.63249872885817	"BIOCARTA_FMLP_PATHWAY"
4.91177671073418	0.0332206310601429	0.235584274180524	0.849340956580707	4.67619243655365	"BIOCARTA_G1_PATHWAY"
2.96064976921153	0.128456360394132	0.907061725783049	0.53327007393968	2.05358804342848	"BIOCARTA_G2_PATHWAY"
1.04903332067931	0.483291886228974	3.87533231618948	0.0681410356029786	-2.82629899551017	"BIOCARTA_GATA3_PATHWAY"
0.759549490129384	0.590680753588629	0.192184619072281	0.875279314618097	0.567364871057103	"BIOCARTA_GCR_PATHWAY"
2.43172478938014	0.185343729294615	6.79996962277808	0.00897439486025761	-4.36824483339794	"BIOCARTA_GH_PATHWAY"
0.408132067988241	0.753598465293531	1.8933181778129	0.269187219860457	-1.48518610982466	"BIOCARTA_GLEEVEC_PATHWAY"
0.200621890502451	0.870175383203986	5.849531208474	0.0173426574351258	-5.64890931797155	"BIOCARTA_GPCR_PATHWAY"
0.25803244467673	0.836227593833593	0.25045539067568	0.840631025864577	0.00757705400104969	"BIOCARTA_GRANULOCYTES_PATHWAY"
0.55526011441626	0.680534348495704	1.28799851083755	0.409518771638556	-0.732738396421291	"BIOCARTA_GSK3_PATHWAY"
0.759549490129384	0.590680753588629	0.192184619072281	0.875279314618097	0.567364871057103	"BIOCARTA_HCMV_PATHWAY"
0.857684140954227	0.551837674374665	1.62832988474599	0.323462442668301	-0.770645743791758	"BIOCARTA_HDAC_PATHWAY"
1.93952298304949	0.260702625447502	6.35437504018735	0.0122220064676771	-4.41485205713786	"BIOCARTA_HER2_PATHWAY"
1.31232003607657	0.402672809859285	1.28671671400209	0.409882780045413	0.025603322074484	"BIOCARTA_HES_PATHWAY"
0.25803244467673	0.836227593833593	0.25045539067568	0.840631025864577	0.00757705400104969	"BIOCARTA_HIF_PATHWAY"
2.47928112133558	0.179333743723647	1.09021932539242	0.469689964666787	1.38906179594316	"BIOCARTA_HIVNEF_PATHWAY"
0.294752190795654	0.815212347976624	0.28656200792365	0.81985347161166	0.00819018287200335	"BIOCARTA_HSP27_PATHWAY"
0.500881453641783	0.706674887083464	0.4852690218737	0.714363848770598	0.0156124317680829	"BIOCARTA_IGF1_PATHWAY"
1.01807716081931	0.493774021103308	1.8933181778129	0.269187219860457	-0.87524101699359	"BIOCARTA_IGF1R_PATHWAY"
0.337331921010765	0.791503743566077	4.22776570445999	0.0533722741720004	-3.89043378344923	"BIOCARTA_IL10_PATHWAY"
4.15760023598706	0.0560321928293556	4.08443217151745	0.0589472298939437	0.0731680644696073	"BIOCARTA_IL12_PATHWAY"
1.07574900758086	0.474424688277857	0.032656912612995	0.977618226213204	1.04309209496786	"BIOCARTA_IL1R_PATHWAY"
0.452046750994773	0.731005035363947	3.31633427380661	0.100388486792311	-2.86428752281183	"BIOCARTA_IL2_PATHWAY"
2.06929811078905	0.238275395281158	4.16201792089747	0.0558608787492335	-2.09271981010842	"BIOCARTA_IL2RB_PATHWAY"
0.25803244467673	0.836227593833593	2.02983147757526	0.244883677795085	-1.77179903289853	"BIOCARTA_IL3_PATHWAY"
1.47332105649677	0.360152280216424	0.43472607630646	0.739834213194295	1.03859498019031	"BIOCARTA_IL4_PATHWAY"
4.29137857120951	0.0510700552053386	1.14770350188317	0.451343112807608	3.14367506932635	"BIOCARTA_IL5_PATHWAY"
1.21023158659036	0.432199231911982	5.20035707306683	0.0271979726577046	-3.99012548647648	"BIOCARTA_IL6_PATHWAY"
0.844732261854214	0.556814134174143	5.08056518538686	0.0295527217166255	-4.23583292353265	"BIOCARTA_IL7_PATHWAY"
2.13610299914609	0.227493463870422	0.588559738504064	0.665006460500458	1.54754326064202	"BIOCARTA_INFLAM_PATHWAY"
0.500881453641783	0.706674887083464	1.17906475096131	0.441637703736222	-0.678183297319523	"BIOCARTA_INSULIN_PATHWAY"
0.863648139530389	0.549561125508308	1.50181264538477	0.353109454439124	-0.638164505854379	"BIOCARTA_INTEGRIN_PATHWAY"
3.16425479632863	0.11154866893256	3.09856550858807	0.116745147547627	0.065689287740565	"BIOCARTA_INTRINSIC_PATHWAY"
3.82357984522518	0.0706297673591225	2.70849909152759	0.152989114245744	1.11508075369759	"BIOCARTA_KERATINOCYTE_PATHWAY"
0.759549490129384	0.590680753588629	0.739910727613216	0.598776402790199	0.0196387625161684	"BIOCARTA_LAIR_PATHWAY"
0.337331921010765	0.791503743566077	4.22776570445999	0.0533722741720004	-3.89043378344923	"BIOCARTA_LECTIN_PATHWAY"
3.05472855778212	0.120346946464433	1.4463996901013	0.366935987487197	1.60832886768082	"BIOCARTA_LEPTIN_PATHWAY"
4.15760023598706	0.0560321928293556	0.148159340843391	0.902401054779092	4.00944089514366	"BIOCARTA_LIS1_PATHWAY"
0.940647751827455	0.520998905979048	0.91874843125682	0.528967712070824	0.0218993205706345	"BIOCARTA_LONGEVITY_PATHWAY"
2.27353201188647	0.206822921409681	0.28656200792365	0.81985347161166	1.98697000396282	"BIOCARTA_LYM_PATHWAY"
0.615907368968553	0.652519368770329	1.40792401721003	0.376853574710874	-0.792016648241472	"BIOCARTA_MAL_PATHWAY"
3.82239276041179	0.0706879071776869	0.124833430888109	0.917109923770414	3.69755932952368	"BIOCARTA_MAPK_PATHWAY"
1.44187894232697	0.36808760076566	0.148159340843391	0.902401054779092	1.29371960148358	"BIOCARTA_MCALPAIN_PATHWAY"
1.57564404942586	0.335493320981068	0.168658489695237	0.889669568440201	1.40698555973062	"BIOCARTA_MCM_PATHWAY"
1.57564404942586	0.335493320981068	2.78790445854846	0.144796189481343	-1.21226040912261	"BIOCARTA_MEF2D_PATHWAY"
0.929289499252532	0.525116888541704	2.53412673168615	0.172644139649958	-1.60483723243362	"BIOCARTA_MET_PATHWAY"
2.27353201188647	0.206822921409681	1.02594111704956	0.491089840834059	1.24759089483691	"BIOCARTA_MHC_PATHWAY"
2.6289906682127	0.161657162129908	0.598363386214739	0.660502814340161	2.03062728199796	"BIOCARTA_MITOCHONDRIA_PATHWAY"
1.47332105649677	0.360152280216424	1.4463996901013	0.366935987487197	0.0269213663954717	"BIOCARTA_MONOCYTE_PATHWAY"
0.119262537515635	0.920658143225331	0.4852690218737	0.714363848770598	-0.366006484358065	"BIOCARTA_MPR_PATHWAY"
1.72349386023235	0.302814488565505	3.02043274843194	0.123242115014613	-1.29693888819959	"BIOCARTA_MTA3_PATHWAY"
0.105179530965394	0.929689243599683	0.10090823734273	0.932445792790704	0.0042712936226634	"BIOCARTA_MTOR_PATHWAY"
5.14254814489672	0.0283099273093384	1.4463996901013	0.366935987487197	3.69614845479542	"BIOCARTA_MYOSIN_PATHWAY"
0.510194793058878	0.702127630013808	3.99867822794948	0.0625572876496007	-3.48848343489061	"BIOCARTA_NFAT_PATHWAY"
2.25500217919456	0.209496467221798	0.4852690218737	0.714363848770598	1.76973315732086	"BIOCARTA_NFKB_PATHWAY"
0.135319047039763	0.910468464361433	2.3826955573875	0.191750792120679	-2.24737651034774	"BIOCARTA_NGF_PATHWAY"
3.87832953986168	0.0679996183829326	0.53870210117383	0.688389930195895	3.33962743868785	"BIOCARTA_NKCELLS_PATHWAY"
1.55234739842527	0.340954847507258	0.762685665220102	0.589398108133798	0.789661733205164	"BIOCARTA_NKT_PATHWAY"
0.245656414842774	0.843431953940197	0.641636790052562	0.640985314917831	-0.395980375209788	"BIOCARTA_NO1_PATHWAY"
3.62007610362554	0.0813295756344223	3.56014903511148	0.0847790120641548	0.0599270685140607	"BIOCARTA_NO2IL12_PATHWAY"
0.500881453641783	0.706674887083464	5.20035707306683	0.0271979726577046	-4.69947561942505	"BIOCARTA_NOS1_PATHWAY"
1.47332105649677	0.360152280216424	1.4463996901013	0.366935987487197	0.0269213663954717	"BIOCARTA_NPC_PATHWAY"
1.65948872691664	0.316551310443334	3.34402645289934	0.0984799300359808	-1.6845377259827	"BIOCARTA_NPP1_PATHWAY"
1.93952298304949	0.260702625447502	0.394291771067636	0.760862797743481	1.54523121198186	"BIOCARTA_NTHI_PATHWAY"
0.863648139530389	0.549561125508308	6.32188956171585	0.0125003338689485	-5.45824142218546	"BIOCARTA_NUCLEARRS_PATHWAY"
0.335655600919624	0.792423955201377	0.10331885252539	0.930889059692785	0.232336748394234	"BIOCARTA_P38MAPK_PATHWAY"
3.33477648753869	0.0991133712273417	0.823984050853945	0.564879852056971	2.51079243668474	"BIOCARTA_P53_PATHWAY"
3.62121066635194	0.081265641657284	1.17906475096131	0.441637703736222	2.44214591539064	"BIOCARTA_P53HYPOXIA_PATHWAY"
6.00712393856803	0.0155480349006282	1.40792401721003	0.376853574710874	4.599199921358	"BIOCARTA_PAR1_PATHWAY"
12.1517568939129	0.0002197640625894	1.14770350188317	0.451343112807608	11.0040533920297	"BIOCARTA_PCAF_PATHWAY"
0.245656414842774	0.843431953940197	4.81452057337222	0.0355373379786599	-4.56886415852944	"BIOCARTA_PDGF_PATHWAY"
4.7944618552859	0.036034887329978	9.12013792617441	0.00179706969141052	-4.32567607088851	"BIOCARTA_PDZS_PATHWAY"
0.25803244467673	0.836227593833593	0.91874843125682	0.528967712070824	-0.660715986580091	"BIOCARTA_PGC1A_PATHWAY"
0.226248096888533	0.85485515781089	5.08056518538686	0.0295527217166255	-4.85431708849833	"BIOCARTA_PITX2_PATHWAY"
2.27353201188647	0.206822921409681	2.23200462425881	0.212862744648899	0.0415273876276605	"BIOCARTA_PLATELETAPP_PATHWAY"
0.445001928695801	0.734583334596034	0.43472607630646	0.739834213194295	0.0102758523893409	"BIOCARTA_PLCE_PATHWAY"
0.198649177182698	0.871366058074781	1.68661146926705	0.310655721557765	-1.48796229208435	"BIOCARTA_PML_PATHWAY"
0.867539838071062	0.548080671127169	0.453248079151469	0.730396582863239	0.414291758919593	"BIOCARTA_PPARA_PATHWAY"
1.31232003607657	0.402672809859285	1.28671671400209	0.409882780045413	0.025603322074484	"BIOCARTA_PRION_PATHWAY"
2.27353201188647	0.206822921409681	2.23200462425881	0.212862744648899	0.0415273876276605	"BIOCARTA_PS1_PATHWAY"
0.445001928695801	0.734583334596034	0.43472607630646	0.739834213194295	0.0102758523893409	"BIOCARTA_PTC1_PATHWAY"
1.01807716081931	0.493774021103308	3.09856550858807	0.116745147547627	-2.08048834776876	"BIOCARTA_PTDINS_PATHWAY"
0.683670757027731	0.622579182664574	0.168658489695237	0.889669568440201	0.515012267332494	"BIOCARTA_PTEN_PATHWAY"
0.271841231398107	0.828261806538257	1.40213670806166	0.378368342810652	-1.13029547666355	"BIOCARTA_PYK2_PATHWAY"
0.500881453641783	0.706674887083464	0.4852690218737	0.714363848770598	0.0156124317680829	"BIOCARTA_RAC1_PATHWAY"
0.940647751827455	0.520998905979048	3.56014903511148	0.0847790120641548	-2.61950128328402	"BIOCARTA_RACC_PATHWAY"
1.55234739842527	0.340954847507258	0.0609269902075792	0.958647951113432	1.49142040821769	"BIOCARTA_RACCYCD_PATHWAY"
2.27353201188647	0.206822921409681	0.28656200792365	0.81985347161166	1.98697000396282	"BIOCARTA_RANKL_PATHWAY"
0.513452123667973	0.700544147834251	0.502394021862818	0.70593437449365	0.0110581018051557	"BIOCARTA_RANMS_PATHWAY"
2.09072423208581	0.234762806923164	1.07992693678096	0.473052779835035	1.01079729530484	"BIOCARTA_RAS_PATHWAY"
1.17203039082806	0.443796319826218	1.14770350188317	0.451343112807608	0.0243268889448887	"BIOCARTA_RB_PATHWAY"
0.940647751827455	0.520998905979048	0.91874843125682	0.528967712070824	0.0218993205706345	"BIOCARTA_RELA_PATHWAY"
5.29062641397265	0.0255483439050075	0.114613302596551	0.923629845648588	5.1760131113761	"BIOCARTA_RHO_PATHWAY"
1.65948872691664	0.316551310443334	0.502394021862818	0.70593437449365	1.15709470505383	"BIOCARTA_RNA_PATHWAY"
0.844732261854214	0.556814134174143	0.823984050853945	0.564879852056971	0.0207482110002692	"BIOCARTA_SHH_PATHWAY"
0.294752190795654	0.815212347976624	0.28656200792365	0.81985347161166	0.00819018287200335	"BIOCARTA_SM_PATHWAY"
1.65948872691664	0.316551310443334	1.63120792220526	0.322817809497272	0.0282808047113805	"BIOCARTA_SODD_PATHWAY"
3.33477648753869	0.0991133712273417	7.23870611014118	0.0066211332946054	-3.9039296226025	"BIOCARTA_SPPA_PATHWAY"
0.759549490129384	0.590680753588629	0.739910727613216	0.598776402790199	0.0196387625161684	"BIOCARTA_SPRY_PATHWAY"
0.445001928695801	0.734583334596034	3.00826420028563	0.12428600854261	-2.56326227158983	"BIOCARTA_SRCRPTP_PATHWAY"
1.80011409547082	0.287151878458176	0.355584300122309	0.781553045362008	1.44452979534851	"BIOCARTA_STRESS_PATHWAY"
0.940647751827455	0.520998905979048	2.02983147757526	0.244883677795085	-1.08918372574781	"BIOCARTA_TALL1_PATHWAY"
0.411398942278086	0.751893928937856	4.06159775181099	0.0598876465171335	-3.65019880953291	"BIOCARTA_TCR_PATHWAY"
1.04903332067931	0.483291886228974	2.23200462425881	0.212862744648899	-1.1829713035795	"BIOCARTA_TCRA_PATHWAY"
6.8544002702226	0.0086421125173106	3.02043274843194	0.123242115014613	3.83396752179067	"BIOCARTA_TEL_PATHWAY"
0.934313352489468	0.523291470052613	0.355584300122309	0.781553045362008	0.578729052367159	"BIOCARTA_TFF_PATHWAY"
1.44187894232697	0.36808760076566	5.9127943704418	0.0165986029449767	-4.47091542811482	"BIOCARTA_TGFB_PATHWAY"
4.67686067010072	0.0390953092447705	3.09856550858807	0.116745147547627	1.57829516151265	"BIOCARTA_TH1TH2_PATHWAY"
1.44187894232697	0.36808760076566	2.57613792922303	0.167689245371316	-1.13425898689606	"BIOCARTA_TID_PATHWAY"
2.13610299914609	0.227493463870422	2.08096371741613	0.236356473282237	0.0551392817299585	"BIOCARTA_TNFR1_PATHWAY"
1.72349386023235	0.302814488565505	0.739910727613216	0.598776402790199	0.983583132619131	"BIOCARTA_TNFR2_PATHWAY"
2.6289906682127	0.161657162129908	0.598363386214739	0.660502814340161	2.03062728199796	"BIOCARTA_TOB1_PATHWAY"
0.934313352489468	0.523291470052613	4.31773411401439	0.0501455637786605	-3.38342076152492	"BIOCARTA_TPO_PATHWAY"
1.04903332067931	0.483291886228974	2.23200462425881	0.212862744648899	-1.1829713035795	"BIOCARTA_TRKA_PATHWAY"
1.80011409547082	0.287151878458176	0.078343288990228	0.947144670902492	1.72177080648059	"BIOCARTA_VDR_PATHWAY"
0.0565155859709002	0.961583745373848	0.699520513970114	0.615776828799191	-0.643004927999214	"BIOCARTA_VEGF_PATHWAY"
0.78750753209794	0.579344130053022	1.51082860230883	0.350909618438824	-0.72332107021089	"BIOCARTA_VIP_PATHWAY"
1.47332105649677	0.360152280216424	1.4463996901013	0.366935987487197	0.0269213663954717	"BIOCARTA_VITCB_PATHWAY"
0.368596795436722	0.774535464860887	6.0040367902424	0.0155813409567114	-5.63543999480568	"BIOCARTA_WNT_PATHWAY"
0.54968188600069	0.683170750799234	0.898961950240308	0.536272451916966	-0.349280064239619	"HALLMARK_ADIPOGENESIS"
6.63759701152206	0.0100434795681274	2.21916719918475	0.214765297361639	4.41842981233731	"HALLMARK_ALLOGRAFT_REJECTION"
6.98472516956993	0.0078956558885862	2.54241348761924	0.171655324376789	4.44231168195069	"HALLMARK_ANDROGEN_RESPONSE"
0.745717266237052	0.596371299241477	3.14730710561445	0.112866785327776	-2.4015898393774	"HALLMARK_ANGIOGENESIS"
7.43796937480939	0.00576697556589858	8.81860303698485	0.00221480740066034	-1.38063366217547	"HALLMARK_APICAL_JUNCTION"
0.411398942278086	0.751893928937856	1.33600922191993	0.396114873429575	-0.924610279641848	"HALLMARK_APICAL_SURFACE"
2.78429921135576	0.145158482861038	5.9347393936468	0.0163480300021353	-3.15044018229103	"HALLMARK_APOPTOSIS"
0.969668665821221	0.510623320851545	1.27086888270049	0.414410113609968	-0.301200216879268	"HALLMARK_BILE_ACID_METABOLISM"
2.9566301463413	0.128814763311729	5.6569265776288	0.0198196242592178	-2.70029643128751	"HALLMARK_CHOLESTEROL_HOMEOSTASIS"
3.34054574660852	0.0987178136755141	6.17075404655199	0.0138809099277711	-2.83020829994347	"HALLMARK_COAGULATION"
1.95043319701075	0.258738528061786	7.12355115588725	0.00717129233036723	-5.17311795887649	"HALLMARK_COMPLEMENT"
0.0276754807015792	0.980999644875939	0.0105476328054481	0.992715598860184	0.0171278478961311	"HALLMARK_DNA_REPAIR"
0.0684085974433821	0.953689410129486	0.0993485852370468	0.933454375602983	-0.0309399877936648	"HALLMARK_E2F_TARGETS"
5.88409810150085	0.0169320668329374	5.61315209610298	0.020430210852676	0.270946005397865	"HALLMARK_EPITHELIAL_MESENCHYMAL_TRANSITION"
4.51948651194555	0.043601255492868	3.70120132628641	0.0768824794445785	0.818285185659134	"HALLMARK_ESTROGEN_RESPONSE_EARLY"
0.743698046283405	0.59720657481871	0.898961950240308	0.536272451916966	-0.155263903956903	"HALLMARK_ESTROGEN_RESPONSE_LATE"
0.00086128949599377	0.999403177783479	0.0297113736993063	0.979616260509366	-0.0288500842033125	"HALLMARK_FATTY_ACID_METABOLISM"
0.54968188600069	0.683170750799234	0.0329369151981445	0.977428505543989	0.516744970802545	"HALLMARK_G2M_CHECKPOINT"
0.00191957730943231	0.998670335188757	0.0329369151981445	0.977428505543989	-0.0310173378887122	"HALLMARK_GLYCOLYSIS"
1.36223636522801	0.388978854359568	4.36678940168821	0.0484691501948448	-3.0045530364602	"HALLMARK_HEDGEHOG_SIGNALING"
10.1152821560931	0.000901564196528993	5.61315209610298	0.020430210852676	4.50213005999013	"HALLMARK_HEME_METABOLISM"
0.743698046283405	0.59720657481871	1.16144346702006	0.447065007387825	-0.417745420736658	"HALLMARK_HYPOXIA"
8.28472235591529	0.0032066389619816	8.81860303698485	0.00221480740066034	-0.533880681069563	"HALLMARK_IL2_STAT5_SIGNALING"
13.7641325990103	7.18758880203585e-05	0.32340696157344	0.799180362346585	13.4407256374369	"HALLMARK_IL6_JAK_STAT3_SIGNALING"
12.1249897062955	0.000223879537622016	0.497891692529419	0.708140879384686	11.6270980137661	"HALLMARK_INFLAMMATORY_RESPONSE"
1.71293919086864	0.305037984549907	0.178051333959362	0.883896079723362	1.53488785690928	"HALLMARK_INTERFERON_ALPHA_RESPONSE"
7.43796937480939	0.00576697556589858	2.21916719918475	0.214765297361639	5.21880217562463	"HALLMARK_INTERFERON_GAMMA_RESPONSE"
1.58044380807891	0.334379009758274	3.15935118949936	0.111928459146495	-1.57890738142045	"HALLMARK_KRAS_SIGNALING_DN"
1.95043319701075	0.258738528061786	9.73413084258198	0.00117417988095622	-7.78369764557123	"HALLMARK_KRAS_SIGNALING_UP"
13.3642416734166	9.48336327051482e-05	5.01831022758999	0.03085589116019	8.3459314458266	"HALLMARK_MITOTIC_SPINDLE"
0.0684085974433821	0.953689410129486	0.0993485852370468	0.933454375602983	-0.0309399877936648	"HALLMARK_MTORC1_SIGNALING"
0.00191957730943231	0.998670335188757	0.00154477766379951	0.998929814774841	0.000374799645632801	"HALLMARK_MYC_TARGETS_V1"
0.0110335673707642	0.992381284554426	0.0100636751441507	0.993048665028983	0.000969892226613516	"HALLMARK_MYC_TARGETS_V2"
5.17792759501961	0.027624121691255	6.34503419382993	0.012301395570673	-1.16710659881032	"HALLMARK_MYOGENESIS"
1.76097354592322	0.295048995970643	1.71078036838685	0.305494779497419	0.0501931775363746	"HALLMARK_NOTCH_SIGNALING"
0.000725890852430887	0.999496977360574	1.47451630066584e-05	0.999989779484065	0.000711145689424229	"HALLMARK_OXIDATIVE_PHOSPHORYLATION"
0.743698046283405	0.59720657481871	0.35359292896479	0.782632578303183	0.390105117318615	"HALLMARK_P53_PATHWAY"
3.6997484182065	0.0769599451863164	6.25193460405266	0.0131213993438996	-2.55218618584616	"HALLMARK_PANCREAS_BETA_CELLS"
0.126103200621333	0.916303096220231	1.24930145624958	0.420651835264823	-1.12319825562825	"HALLMARK_PEROXISOME"
0.898695137002843	0.536371639768114	1.63960918470664	0.320943403782948	-0.740914047703799	"HALLMARK_PI3K_AKT_MTOR_SIGNALING"
0.594192610252646	0.662415065402732	2.24495181191783	0.210960995314438	-1.65075920166519	"HALLMARK_PROTEIN_SECRETION"
0.281191904414732	0.822910876035972	0.556482245729859	0.679958100474726	-0.275290341315127	"HALLMARK_REACTIVE_OXYGEN_SPECIES_PATHWAY"
0.36543591700265	0.776234296767834	0.334434705051109	0.793094836146907	0.0310012119515409	"HALLMARK_SPERMATOGENESIS"
1.91081785679378	0.265941741793927	2.61822843154317	0.16286760371305	-0.707410574749385	"HALLMARK_TGF_BETA_SIGNALING"
3.34699964445776	0.0982771857372732	0.898961950240308	0.536272451916966	2.44803769421745	"HALLMARK_TNFA_SIGNALING_VIA_NFKB"
0.0121884505069974	0.991587197254211	0.027996466204697	0.980781406351063	-0.0158080156976996	"HALLMARK_UNFOLDED_PROTEIN_RESPONSE"
21.362894216734	3.70790028701057e-07	30.969820763687	4.75504892514383e-10	-9.60692654695303	"HALLMARK_UV_RESPONSE_DN"
1.21333827434486	0.431269538960858	0.609723737294849	0.655322178027581	0.603614537050011	"HALLMARK_UV_RESPONSE_UP"
5.89217359546155	0.0168375542535723	5.76056404241162	0.0184457972747042	0.131609553049931	"HALLMARK_WNT_BETA_CATENIN_SIGNALING"
2.833275485187	0.14031338211078	2.66539232422794	0.157629304808934	0.16788316095906	"HALLMARK_XENOBIOTIC_METABOLISM"
0.811649191662857	0.56973020839759	5.31002624585232	0.0252070963980096	-4.49837705418947	"KEGG_ABC_TRANSPORTERS"
2.37309252758218	0.193031402762	14.5506291249215	4.16700649726303e-05	-12.1775365973393	"KEGG_ACUTE_MYELOID_LEUKEMIA"
7.19340878370489	0.00683231978235693	8.27828969000584	0.00322096859587678	-1.08488090630095	"KEGG_ADHERENS_JUNCTION"
4.79082714567912	0.0361257876770761	5.74641377765558	0.0186276078018195	-0.955586631976465	"KEGG_ADIPOCYTOKINE_SIGNALING_PATHWAY"
0.163819444864451	0.892658681861924	0.156137506021954	0.89742451134533	0.00768193884249757	"KEGG_ALANINE_ASPARTATE_AND_GLUTAMATE_METABOLISM"
0.478037538981715	0.717953573888439	5.76056404241162	0.0184457972747042	-5.2825265034299	"KEGG_ALDOSTERONE_REGULATED_SODIUM_REABSORPTION"
5.64881058188879	0.0199314353386158	4.16201792089747	0.0558608787492335	1.48679266099132	"KEGG_ALLOGRAFT_REJECTION"
0.615907368968553	0.652519368770329	0.148159340843391	0.902401054779092	0.467748028125162	"KEGG_ALPHA_LINOLENIC_ACID_METABOLISM"
0.0219793517791223	0.984880538657162	0.465009971961646	0.724466069723782	-0.443030620182524	"KEGG_ALZHEIMERS_DISEASE"
0.00709475447351575	0.995094363073929	0.0448484101809018	0.969391669498226	-0.037753655707386	"KEGG_AMINO_SUGAR_AND_NUCLEOTIDE_SUGAR_METABOLISM"
2.00427984171623	0.249259458918238	3.68723204125562	0.0776305306104653	-1.68295219953939	"KEGG_AMYOTROPHIC_LATERAL_SCLEROSIS_ALS"
1.26718693837123	0.415469092566729	0.81644508247827	0.567839422553637	0.450741855892962	"KEGG_ANTIGEN_PROCESSING_AND_PRESENTATION"
1.83348365590462	0.280586274680275	1.75032870059639	0.297234049856128	0.0831549553082307	"KEGG_APOPTOSIS"
0.604623966588076	0.657642770051255	0.297945267040916	0.813410056694465	0.306678699547159	"KEGG_ARACHIDONIC_ACID_METABOLISM"
0.0684372766020766	0.953670452042495	0.179114501544971	0.883244948707328	-0.110677224942895	"KEGG_ARGININE_AND_PROLINE_METABOLISM"
11.1232317547464	0.000448305010805125	15.7892409235153	1.76589498523425e-05	-4.6660091687689	"KEGG_ARRHYTHMOGENIC_RIGHT_VENTRICULAR_CARDIOMYOPATHY_ARVC"
7.72564987385739	0.0047244107818917	4.32276992137459	0.0499708330276254	3.4028799524828	"KEGG_ASTHMA"
6.38819517173237	0.0119388263421318	2.85987977223664	0.137749618444443	3.52831539949573	"KEGG_AUTOIMMUNE_THYROID_DISEASE"
3.45792754598502	0.0910039170323539	7.40229751638309	0.00591134641835376	-3.94436997039807	"KEGG_AXON_GUIDANCE"
0.390870253876115	0.762669412814309	4.46843139316836	0.0451718749379007	-4.07756113929224	"KEGG_B_CELL_RECEPTOR_SIGNALING_PATHWAY"
4.5610765761163	0.0423622616267113	8.35638091538633	0.00305125630105787	-3.79530433927002	"KEGG_BASAL_CELL_CARCINOMA"
0.120790811125618	0.919683389360209	0.350039542971956	0.784562593447838	-0.229248731846338	"KEGG_BASAL_TRANSCRIPTION_FACTORS"
0.452046750994773	0.731005035363947	0.10090823734273	0.932445792790704	0.351138513652043	"KEGG_BETA_ALANINE_METABOLISM"
0.452046750994773	0.731005035363947	2.04289930282664	0.242675555110399	-1.59085255183187	"KEGG_BIOSYNTHESIS_OF_UNSATURATED_FATTY_ACIDS"
3.36787197740412	0.0968655866955216	3.27776851729546	0.103108236128896	0.0901034601086628	"KEGG_BLADDER_CANCER"
0.0239602042551175	0.983529203624908	0.38183868332244	0.767458857536187	-0.357878479067322	"KEGG_BUTANOATE_METABOLISM"
9.52824385491143	0.00135429349881149	6.52770699724561	0.0108383804332222	3.00053685766582	"KEGG_CALCIUM_SIGNALING_PATHWAY"
0.570100244440251	0.673569984368205	1.28759775880989	0.409632543620554	-0.717497514369639	"KEGG_CARDIAC_MUSCLE_CONTRACTION"
10.2439891951837	0.000824616417424444	11.0826860273282	0.000461082960769174	-0.838696832144478	"KEGG_CELL_ADHESION_MOLECULES_CAMS"
6.42856829236856	0.0116093556208547	1.11792943613542	0.460754628584116	5.31063885623314	"KEGG_CELL_CYCLE"
2.53106380752596	0.173011062402787	3.38376454388895	0.0958043820621512	-0.852700736362988	"KEGG_CHEMOKINE_SIGNALING_PATHWAY"
5.99831488636143	0.015643261159098	3.80192164660708	0.0716980828623498	2.19639323975436	"KEGG_CHRONIC_MYELOID_LEUKEMIA"
2.50231300157407	0.176493505041154	1.14770350188317	0.451343112807608	1.3546094996909	"KEGG_CIRCADIAN_RHYTHM_MAMMAL"
4.51430171439855	0.0437582328027931	12.7826967602404	0.000141913872039424	-8.26839504584184	"KEGG_COLORECTAL_CANCER"
0.912605966633307	0.531224663171733	3.41502775561387	0.0937506331703168	-2.50242178898056	"KEGG_COMPLEMENT_AND_COAGULATION_CASCADES"
0.133720517007298	0.911477837617991	1.50181264538477	0.353109454439124	-1.36809212837747	"KEGG_CYSTEINE_AND_METHIONINE_METABOLISM"
4.81156673107611	0.0356101733488698	0.356369860753321	0.781127598428497	4.45519687032279	"KEGG_CYTOKINE_CYTOKINE_RECEPTOR_INTERACTION"
10.1006348395831	0.000910764172430386	7.36620821448985	0.00606108498019082	2.73442662509324	"KEGG_DILATED_CARDIOMYOPATHY"
0.745717266237052	0.596371299241477	0.10331885252539	0.930889059692785	0.642398413711662	"KEGG_DNA_REPLICATION"
2.96064976921153	0.128456360394132	2.89677654987728	0.134271353802618	0.0638732193342451	"KEGG_DORSO_VENTRAL_AXIS_FORMATION"
0.0435535915483002	0.970262088951911	3.93232233279524	0.0655017684132428	-3.88876874124694	"KEGG_DRUG_METABOLISM_CYTOCHROME_P450"
0.0898376354489342	0.939628491432084	5.15710762673403	0.0280256641641905	-5.06726999128509	"KEGG_DRUG_METABOLISM_OTHER_ENZYMES"
8.75958032750767	0.00230729737506208	7.30205441025595	0.00633669191444091	1.45752591725172	"KEGG_ECM_RECEPTOR_INTERACTION"
5.58581914569954	0.0208209665666994	3.99744977653252	0.0626105777171199	1.58836936916702	"KEGG_ENDOCYTOSIS"
2.9506579469356	0.129349111838722	16.6042583288043	1.00373758649146e-05	-13.6536003818687	"KEGG_ENDOMETRIAL_CANCER"
1.45166477496474	0.365599302990532	0.143697763873349	0.905196076275335	1.30796701109139	"KEGG_EPITHELIAL_CELL_SIGNALING_IN_HELICOBACTER_PYLORI_INFECTION"
4.8712911570882	0.0341660871314398	6.76260841229548	0.00920983859157173	-1.89131725520728	"KEGG_ERBB_SIGNALING_PATHWAY"
1.65148064649338	0.318313302298472	0.0254805197081445	0.982493304131868	1.62600012678523	"KEGG_ETHER_LIPID_METABOLISM"
0.478037538981715	0.717953573888439	0.889274321643828	0.539885613458087	-0.411236782662113	"KEGG_FATTY_ACID_METABOLISM"
0.866166233888752	0.548602752641649	4.87305060908193	0.0341244449636393	-4.00688437519318	"KEGG_FC_EPSILON_RI_SIGNALING_PATHWAY"
3.76609273577115	0.0735009783823783	8.60174757823733	0.00257404398505424	-4.83565484246618	"KEGG_FC_GAMMA_R_MEDIATED_PHAGOCYTOSIS"
9.31091946547555	0.00157446841822125	11.855819555502	0.000269800462995265	-2.54490009002642	"KEGG_FOCAL_ADHESION"
0.445001928695801	0.734583334596034	3.00826420028563	0.12428600854261	-2.56326227158983	"KEGG_FOLATE_BIOSYNTHESIS"
0.398385378679224	0.75870693047566	0.127047543281209	0.915703509377539	0.271337835398015	"KEGG_FRUCTOSE_AND_MANNOSE_METABOLISM"
0.78750753209794	0.579344130053022	0.762685665220102	0.589398108133798	0.0248218668778377	"KEGG_GALACTOSE_METABOLISM"
7.58539090352894	0.00520678696815519	4.31889110901389	0.0501053647714121	3.26649979451505	"KEGG_GAP_JUNCTION"
3.13868487068191	0.113543350894181	6.11669532133297	0.0144109042939811	-2.97801045065106	"KEGG_GLIOMA"
0.0983010633179185	0.93413239068315	0.0237649175514111	0.983662345536997	0.0745361457665074	"KEGG_GLUTATHIONE_METABOLISM"
3.35943934235046	0.0974334295118381	11.8816443362183	0.000265013902241415	-8.52220499386782	"KEGG_GLYCEROLIPID_METABOLISM"
1.41083446678136	0.376094087987481	2.55221402532769	0.170493184640339	-1.14137955854633	"KEGG_GLYCEROPHOSPHOLIPID_METABOLISM"
0.514553438288493	0.700009575324636	1.04143334207575	0.485844539026049	-0.526879903787253	"KEGG_GLYCINE_SERINE_AND_THREONINE_METABOLISM"
0.238441408998267	0.847660573535312	0.0299557978141937	0.979450306133409	0.208485611184074	"KEGG_GLYCOLYSIS_GLUCONEOGENESIS"
0.105179530965394	0.929689243599683	1.07992693678096	0.473052779835035	-0.974747405815567	"KEGG_GLYCOSAMINOGLYCAN_BIOSYNTHESIS_CHONDROITIN_SULFATE"
0.0639430875518003	0.956645895787345	0.762685665220102	0.589398108133798	-0.698742577668302	"KEGG_GLYCOSAMINOGLYCAN_BIOSYNTHESIS_HEPARAN_SULFATE"
0.119262537515635	0.920658143225331	3.55182389445353	0.0852696476601651	-3.4325613569379	"KEGG_GLYCOSAMINOGLYCAN_DEGRADATION"
2.06977734675088	0.238196257853496	0.91874843125682	0.528967712070824	1.15102891549405	"KEGG_GLYCOSPHINGOLIPID_BIOSYNTHESIS_GANGLIO_SERIES"
1.04903332067931	0.483291886228974	0.28656200792365	0.81985347161166	0.762471312755662	"KEGG_GLYCOSPHINGOLIPID_BIOSYNTHESIS_GLOBO_SERIES"
1.55234739842527	0.340954847507258	0.289369162874041	0.818259775047759	1.26297823555123	"KEGG_GLYCOSPHINGOLIPID_BIOSYNTHESIS_LACTO_AND_NEOLACTO_SERIES"
1.6713811585739	0.313952638357569	0.320747314965577	0.800655031438993	1.35063384360832	"KEGG_GLYCOSYLPHOSPHATIDYLINOSITOL_GPI_ANCHOR_BIOSYNTHESIS"
2.57469868322272	0.167856617195188	4.69683829250682	0.0385576706315588	-2.1221396092841	"KEGG_GNRH_SIGNALING_PATHWAY"
3.52984553280471	0.0865786111027974	2.42244139460375	0.18654021693535	1.10740413820096	"KEGG_GRAFT_VERSUS_HOST_DISEASE"
3.3665535182465	0.0969541512859029	3.26368441365689	0.104119744832602	0.102869104589613	"KEGG_HEDGEHOG_SIGNALING_PATHWAY"
5.87253914287919	0.0170682724764396	0.855500821722003	0.552673436549654	5.01703832115719	"KEGG_HEMATOPOIETIC_CELL_LINEAGE"
3.47325331349489	0.0900422979693488	1.30149306089002	0.405706111143865	2.17176025260487	"KEGG_HOMOLOGOUS_RECOMBINATION"
0.180665467580891	0.882295928438267	0.0975643375797895	0.934609535958604	0.0831011300011016	"KEGG_HUNTINGTONS_DISEASE"
7.70406325511979	0.00479563224567015	5.28025670591443	0.025732640145398	2.42380654920536	"KEGG_HYPERTROPHIC_CARDIOMYOPATHY_HCM"
1.91081785679378	0.265941741793927	1.84267336237295	0.278804671130733	0.0681444944208287	"KEGG_INOSITOL_PHOSPHATE_METABOLISM"
0.333448980821069	0.793636904920475	3.92570537312152	0.0658028840484257	-3.59225639230045	"KEGG_INSULIN_SIGNALING_PATHWAY"
4.63411422798618	0.040271018545779	3.4090803092195	0.0941379137273839	1.22503391876668	"KEGG_INTESTINAL_IMMUNE_NETWORK_FOR_IGA_PRODUCTION"
2.1543113265343	0.224640300143745	2.51275821921299	0.175220293785944	-0.358446892678689	"KEGG_JAK_STAT_SIGNALING_PATHWAY"
4.06363459637134	0.0598031548157643	8.50144506208606	0.00275937058142112	-4.43781046571472	"KEGG_LEISHMANIA_INFECTION"
3.98219833951283	0.0632759757768123	1.48738770397749	0.356657766796894	2.49481063553534	"KEGG_LEUKOCYTE_TRANSENDOTHELIAL_MIGRATION"
0.610009027905537	0.655192601939053	0.0418812545753874	0.971387445263844	0.56812777333015	"KEGG_LINOLEIC_ACID_METABOLISM"
3.4094270539301	0.0941152908581083	5.23122188797779	0.0266222831217376	-1.82179483404769	"KEGG_LONG_TERM_DEPRESSION"
0.523368068026121	0.695745670937804	7.6141820364525	0.00510390773124475	-7.09081396842638	"KEGG_LONG_TERM_POTENTIATION"
1.38499667512971	0.382890381691121	0.158303046700106	0.896078453174083	1.2266936284296	"KEGG_LYSINE_DEGRADATION"
0.00632066133831268	0.995628434645246	1.24616579069148	0.42156710696641	-1.23984512935317	"KEGG_LYSOSOME"
5.87226882674173	0.0170714708389688	4.95908739316199	0.0321488871012921	0.913181433579744	"KEGG_MAPK_SIGNALING_PATHWAY"
1.6713811585739	0.313952638357569	2.70946110338298	0.152887132691571	-1.03807994480908	"KEGG_MATURITY_ONSET_DIABETES_OF_THE_YOUNG"
7.92293373674067	0.00412058893113901	8.8419931429108	0.00217918872151441	-0.919059406170122	"KEGG_MELANOGENESIS"
4.20022713980648	0.054400844591146	3.17748855548367	0.11053011806426	1.02273858432281	"KEGG_MELANOMA"
0.0516227221189471	0.964850468772674	5.23122188797779	0.0266222831217376	-5.17959916585884	"KEGG_METABOLISM_OF_XENOBIOTICS_BY_CYTOCHROME_P450"
1.93952298304949	0.260702625447502	0.394291771067636	0.760862797743481	1.54523121198186	"KEGG_MISMATCH_REPAIR"
0.47690860613334	0.71851560436345	0.830021124370125	0.562521005684135	-0.353112518236785	"KEGG_MTOR_SIGNALING_PATHWAY"
1.23358706638808	0.425258781785564	0.132281299455379	0.912387572114172	1.1013057669327	"KEGG_N_GLYCAN_BIOSYNTHESIS"
0.333448980821069	0.793636904920475	1.28715393423173	0.409758580623138	-0.953704953410665	"KEGG_NATURAL_KILLER_CELL_MEDIATED_CYTOTOXICITY"
1.44034050979306	0.368480324078461	0.512118316446571	0.701192117698744	0.928222193346487	"KEGG_NEUROACTIVE_LIGAND_RECEPTOR_INTERACTION"
3.73074372529765	0.0753241487859095	6.863424898729	0.00858822141374639	-3.13268117343135	"KEGG_NEUROTROPHIN_SIGNALING_PATHWAY"
0.934313352489468	0.523291470052613	1.75550066730265	0.296170393072024	-0.821187314813181	"KEGG_NICOTINATE_AND_NICOTINAMIDE_METABOLISM"
0.0928118630482486	0.937693369886326	0.394291771067636	0.760862797743481	-0.301479908019387	"KEGG_NITROGEN_METABOLISM"
1.90274848819201	0.267433390827668	0.0931980834188504	0.937442375879344	1.80955040477316	"KEGG_NOD_LIKE_RECEPTOR_SIGNALING_PATHWAY"
4.73352558489124	0.0375895229156463	13.7847584949258	7.08556049080034e-05	-9.05123291003458	"KEGG_NON_SMALL_CELL_LUNG_CANCER"
1.82901559540505	0.281456603996895	1.11941627009495	0.460280021880624	0.709599325310102	"KEGG_NOTCH_SIGNALING_PATHWAY"
1.38499667512971	0.382890381691121	0.778785505665716	0.582857249593509	0.606211169463995	"KEGG_NUCLEOTIDE_EXCISION_REPAIR"
0.560262451707326	0.67817877980398	0.539865007369563	0.687835266640497	0.0203974443377637	"KEGG_O_GLYCAN_BIOSYNTHESIS"
0	1	1.56519418976482e-12	0.999999999998915	-1.56519418976482e-12	"KEGG_OLFACTORY_TRANSDUCTION"
0.198649177182698	0.871366058074781	0.739910727613216	0.598776402790199	-0.541261550430518	"KEGG_ONE_CARBON_POOL_BY_FOLATE"
0.969668665821221	0.510623320851545	1.7076943400704	0.306148954187324	-0.738025674249182	"KEGG_OOCYTE_MEIOSIS"
0.226248096888533	0.85485515781089	0.219245715950856	0.85901443745175	0.00700238093767716	"KEGG_OTHER_GLYCAN_DEGRADATION"
0.000170516735588722	0.999881813790029	1.37949067307633e-07	0.999999904380998	0.000170378786521414	"KEGG_OXIDATIVE_PHOSPHORYLATION"
2.80118350003165	0.143469552316029	0.143697763873349	0.905196076275335	2.6574857361583	"KEGG_P53_SIGNALING_PATHWAY"
4.34109305911602	0.0493401851934149	5.23122188797779	0.0266222831217376	-0.890128828861771	"KEGG_PANCREATIC_CANCER"
0.844732261854214	0.556814134174143	0.823984050853945	0.564879852056971	0.0207482110002692	"KEGG_PANTOTHENATE_AND_COA_BIOSYNTHESIS"
0.00100584084956323	0.999303047235517	3.21435385797126e-05	0.999977720045062	0.00097369731098352	"KEGG_PARKINSONS_DISEASE"
1.13784829476384	0.454436841589326	0.0528190474082736	0.964050717933918	1.08502924735556	"KEGG_PATHOGENIC_ESCHERICHIA_COLI_INFECTION"
17.4913443116436	5.42726087708025e-06	16.8199188619311	8.64370423266452e-06	0.671425449712569	"KEGG_PATHWAYS_IN_CANCER"
0.0499650378184619	0.965959737649169	12.7116007790776	0.000149082570598464	-12.6616357412591	"KEGG_PENTOSE_AND_GLUCURONATE_INTERCONVERSIONS"
0.0727718497187784	0.950809451987238	0.0666163622166784	0.954874898278091	0.0061554875021	"KEGG_PEROXISOME"
4.47244897898638	0.0450462562728436	5.33019685209141	0.0248571231943121	-0.857747873105029	"KEGG_PHOSPHATIDYLINOSITOL_SIGNALING_SYSTEM"
0.0102161072777474	0.992943747131634	11.0832953342972	0.000460888268380665	-11.0730792270195	"KEGG_PORPHYRIN_AND_CHLOROPHYLL_METABOLISM"
0.554282896271968	0.680995468674519	4.34883054996061	0.049076271273986	-3.79454765368864	"KEGG_PPAR_SIGNALING_PATHWAY"
0.844732261854214	0.556814134174143	0.823984050853945	0.564879852056971	0.0207482110002692	"KEGG_PRIMARY_BILE_ACID_BIOSYNTHESIS"
0.0212083430226945	0.985407021691517	0.773444594925542	0.585019007811907	-0.752236251902847	"KEGG_PRIMARY_IMMUNODEFICIENCY"
0.802568125638438	0.573327694254598	0.773444594925542	0.585019007811907	0.0291235307128968	"KEGG_PRION_DISEASES"
3.36550405794474	0.0970247043458429	6.00572241850742	0.0155631465285943	-2.64021836056269	"KEGG_PROGESTERONE_MEDIATED_OOCYTE_MATURATION"
0.148015048524972	0.902491313668442	0.0254805197081445	0.982493304131868	0.122534528816828	"KEGG_PROPANOATE_METABOLISM"
3.73286672925879	0.0752133867338198	12.9062354581794	0.000130267475232282	-9.17336872892059	"KEGG_PROSTATE_CANCER"
1.23358706638808	0.425258781785564	0.132281299455379	0.912387572114172	1.1013057669327	"KEGG_PROTEASOME"
0.0819386881417735	0.944787191843954	0.078343288990228	0.947144670902492	0.00359539915154547	"KEGG_PROTEIN_EXPORT"
0.408132067988241	0.753598465293531	0.394291771067636	0.760862797743481	0.0138402969206048	"KEGG_PROXIMAL_TUBULE_BICARBONATE_RECLAMATION"
1.17570519623043	0.442667328753545	0.269066392420215	0.82985639495322	0.906638803810213	"KEGG_PURINE_METABOLISM"
0.0394712313836577	0.973011504868006	0.0127676153404646	0.991189207963834	0.0267036160431931	"KEGG_PYRIMIDINE_METABOLISM"
8.41107380108511	0.00293774766756391	4.4575805862763	0.0455129027866983	3.95349321480881	"KEGG_REGULATION_OF_ACTIN_CYTOSKELETON"
0.120790811125618	0.919683389360209	0.350039542971956	0.784562593447838	-0.229248731846338	"KEGG_REGULATION_OF_AUTOPHAGY"
1.32435556461005	0.399327528389264	6.36834734310684	0.0121042093622192	-5.04399177849679	"KEGG_RENAL_CELL_CARCINOMA"
0.735054539836385	0.600795311787742	4.08279465845753	0.0590141751994985	-3.34774011862114	"KEGG_RETINOL_METABOLISM"
1.88740763548687	0.270292308613378	0.219245715950856	0.85901443745175	1.66816191953602	"KEGG_RIBOFLAVIN_METABOLISM"
0.494017182844298	0.710045222412286	0.11457911889653	0.92365173070311	0.379438063947768	"KEGG_RIG_I_LIKE_RECEPTOR_SIGNALING_PATHWAY"
0.0099179142465655	0.993149001533306	0.924426244044019	0.526890019065858	-0.914508329797454	"KEGG_RNA_DEGRADATION"
0.0441846961178104	0.969837742220782	0.0418812545753874	0.971387445263844	0.00230344154242306	"KEGG_RNA_POLYMERASE"
4.33801856678402	0.0494454449811496	3.34781844404794	0.0982214244805143	0.990200122736081	"KEGG_SMALL_CELL_LUNG_CANCER"
1.1978211053325	0.435933172276332	0.0137275843411856	0.990529890236144	1.18409352099132	"KEGG_SNARE_INTERACTIONS_IN_VESICULAR_TRANSPORT"
0.597624878392042	0.660841008726654	0.246671959379135	0.84283845268767	0.350952919012907	"KEGG_SPHINGOLIPID_METABOLISM"
0.000254627284818864	0.999823521389616	3.5856877718693e-05	0.999975146215166	0.000218770407100171	"KEGG_SPLICEOSOME"
0.00268508341764367	0.998140572880063	7.64206814752602	0.00500620072393892	-7.63938306410838	"KEGG_STARCH_AND_SUCROSE_METABOLISM"
0.388773124940089	0.763778849724506	11.6067441556951	0.000320643069343381	-11.217971030755	"KEGG_STEROID_HORMONE_BIOSYNTHESIS"
0.337331921010765	0.791503743566077	2.45917163351434	0.181850949853344	-2.12183971250357	"KEGG_SULFUR_METABOLISM"
0.112588212734833	0.924927241666308	0.290277638182706	0.817744673257389	-0.177689425447873	"KEGG_SYSTEMIC_LUPUS_ERYTHEMATOSUS"
0.326564398222852	0.797433214104528	4.70036033178966	0.038463654920756	-4.3737959335668	"KEGG_T_CELL_RECEPTOR_SIGNALING_PATHWAY"
0.00268508341764367	0.998140572880063	0.453248079151469	0.730396582863239	-0.450562995733825	"KEGG_TASTE_TRANSDUCTION"
0.25803244467673	0.836227593833593	0.91874843125682	0.528967712070824	-0.660715986580091	"KEGG_TERPENOID_BACKBONE_BIOSYNTHESIS"
6.19298587265673	0.0136686457988633	1.89005672372127	0.269796451091062	4.30292914893546	"KEGG_TGF_BETA_SIGNALING_PATHWAY"
2.13610299914609	0.227493463870422	6.14793044607675	0.0141022537354586	-4.01182744693066	"KEGG_THYROID_CANCER"
3.87075667721659	0.0683574941931286	1.96142937523656	0.256773927354873	1.90932730198003	"KEGG_TIGHT_JUNCTION"
0.263359493900216	0.833145576257581	0.130289146149111	0.91364831771673	0.133070347751105	"KEGG_TOLL_LIKE_RECEPTOR_SIGNALING_PATHWAY"
0.0724693140787844	0.951008859277599	0.0681834765247358	0.953838237277041	0.0042858375540486	"KEGG_TRYPTOPHAN_METABOLISM"
7.13109908676203	0.00713387134491147	5.53047157922235	0.0216352622827037	1.60062750753968	"KEGG_TYPE_I_DIABETES_MELLITUS"
0.666270735760475	0.63013343402586	9.03218584362029	0.00191003416089375	-8.36591510785981	"KEGG_TYPE_II_DIABETES_MELLITUS"
1.55407378157996	0.34054709212766	0.189203600034385	0.877089760890123	1.36487018154558	"KEGG_TYROSINE_METABOLISM"
0.575456290996967	0.67107397268172	2.3369617295837	0.197926716806364	-1.76150543858673	"KEGG_UBIQUITIN_MEDIATED_PROTEOLYSIS"
0.0479884863408443	0.967284049148617	0.158303046700106	0.896078453174083	-0.110314560359262	"KEGG_VALINE_LEUCINE_AND_ISOLEUCINE_DEGRADATION"
3.35470471002805	0.0977537115157291	3.21071242029263	0.108013802217349	0.143992289735416	"KEGG_VASCULAR_SMOOTH_MUSCLE_CONTRACTION"
4.16808564399742	0.0556264310286335	1.33600922191993	0.396114873429575	2.83207642207748	"KEGG_VASOPRESSIN_REGULATED_WATER_REABSORPTION"
1.0000950242992	0.499967068172015	3.43415062281677	0.0925161715826698	-2.43405559851757	"KEGG_VEGF_SIGNALING_PATHWAY"
1.91081785679378	0.265941741793927	0.735103027385591	0.600775119992602	1.17571482940819	"KEGG_VIBRIO_CHOLERAE_INFECTION"
7.81342685629778	0.00444553616183975	4.20563371012634	0.0541973562911654	3.60779314617143	"KEGG_VIRAL_MYOCARDITIS"
2.45974044511399	0.181779265583286	8.24410816810504	0.00329819367048447	-5.78436772299105	"KEGG_WNT_SIGNALING_PATHWAY"
0.71175483735986	0.610577005185382	1.1876249145981	0.439025025816338	-0.475870077238243	"PID_A6B1_A6B4_INTEGRIN_PATHWAY"
1.73620633750237	0.300157924537108	10.4239713391146	0.000727900391533971	-8.68776500161218	"PID_AJDISS_2PATHWAY"
1.55234739842527	0.340954847507258	0.762685665220102	0.589398108133798	0.789661733205164	"PID_ALK1_PATHWAY"
1.47332105649677	0.360152280216424	1.4463996901013	0.366935987487197	0.0269213663954717	"PID_ALK2_PATHWAY"
5.4111812633898	0.0235002308090761	3.88588340758192	0.0676445068005288	1.52529785580788	"PID_ALPHA_SYNUCLEIN_PATHWAY"
2.49473968944598	0.177422429591784	6.00085307529516	0.0156157635633083	-3.50611338584918	"PID_AMB2_NEUTROPHILS_PATHWAY"
3.35943934235046	0.0974334295118381	5.56076349820639	0.0211857278096437	-2.20132415585593	"PID_ANGIOPOIETIN_RECEPTOR_PATHWAY"
0.17462045142263	0.886000580157735	0.665099977760844	0.630644999642342	-0.490479526338214	"PID_ANTHRAX_PATHWAY"
3.4094270539301	0.0941152908581083	3.29429176598054	0.101934069766003	0.115135287949563	"PID_AP1_PATHWAY"
2.91851442225622	0.132263379752423	4.09799001788973	0.0583958632239591	-1.17947559563351	"PID_AR_NONGENOMIC_PATHWAY"
4.67419475439255	0.0391676191595195	1.9149839999512	0.2651748762182	2.75921075444134	"PID_AR_PATHWAY"
0.817436746308809	0.56744924145885	0.194021521963345	0.874165579608707	0.623415224345464	"PID_AR_TF_PATHWAY"
1.44187894232697	0.36808760076566	0.598363386214739	0.660502814340161	0.843515556112233	"PID_ARF_3PATHWAY"
5.56218689082992	0.0211648358424204	0.25045539067568	0.840631025864577	5.31173150015424	"PID_ARF6_DOWNSTREAM_PATHWAY"
1.45256905394933	0.365370217724561	0.350039542971956	0.784562593447838	1.10252951097737	"PID_ARF6_PATHWAY"
7.09168977665047	0.00733142940867011	6.93233048016434	0.00818767481305659	0.159359296486128	"PID_ARF6_TRAFFICKING_PATHWAY"
0.967751221815592	0.511302426641318	1.4415449814826	0.368172817025068	-0.473793759667011	"PID_ATF2_PATHWAY"
1.54883854261521	0.341785111292178	0.38183868332244	0.767458857536187	1.16699985929277	"PID_ATM_PATHWAY"
1.12303780523752	0.459126049781186	1.08345135294842	0.471898551118094	0.039586452289107	"PID_ATR_PATHWAY"
0.259180072024426	0.835562660476262	0.0756713179041331	0.948900473831359	0.183508754120293	"PID_AURORA_B_PATHWAY"
12.6934181539171	0.000150973383476188	1.04609990220616	0.484275558855252	11.6473182517109	"PID_AVB3_INTEGRIN_PATHWAY"
5.67988209688974	0.0195067589358817	0.032656912612995	0.977618226213204	5.64722518427675	"PID_AVB3_OPN_PATHWAY"
3.27665739652695	0.103187677610424	1.20822075159851	0.432802053201726	2.06843664492844	"PID_BARD1_PATHWAY"
0.443816459917582	0.73518719297364	1.18016124460042	0.441302172704302	-0.736344784682834	"PID_BCR_5PATHWAY"
0.683670757027731	0.622579182664574	2.78790445854846	0.144796189481343	-2.10423370152073	"PID_BETA_CATENIN_DEG_PATHWAY"
1.23808322184014	0.423935526897202	8.08514819553093	0.00368237381572378	-6.84706497369079	"PID_BETA_CATENIN_NUC_PATHWAY"
0.924738952452842	0.52677582647513	2.29883875543231	0.203226613096641	-1.37409980297947	"PID_BMP_PATHWAY"
3.08124707472801	0.11815502773127	1.42850484149551	0.371515719064263	1.65274223323251	"PID_CASPASE_PATHWAY"
1.87784356049396	0.272090113073459	0.495171914498796	0.709477130313473	1.38267164599517	"PID_CD40_PATHWAY"
1.11683365173959	0.461104723030778	3.94017566810124	0.0651461771203279	-2.82334201636165	"PID_CD8_TCR_DOWNSTREAM_PATHWAY"
1.33511597861318	0.396360203529002	6.01949405720505	0.0154152910918238	-4.68437807859187	"PID_CD8_TCR_PATHWAY"
2.59506396050387	0.165503776185256	4.20563371012634	0.0541973562911654	-1.61056974962248	"PID_CDC42_PATHWAY"
0.560262451707326	0.67817877980398	5.849531208474	0.0173426574351258	-5.28926875676668	"PID_CDC42_REG_PATHWAY"
3.06599736902632	0.119410584810957	2.97972745882703	0.126768880766365	0.086269910199289	"PID_CERAMIDE_PATHWAY"
3.33477648753869	0.0991133712273417	0.823984050853945	0.564879852056971	2.51079243668474	"PID_CIRCADIAN_PATHWAY"
5.30015887061847	0.0253800923581637	1.96351354900704	0.256403249493206	3.33664532161142	"PID_CMYB_PATHWAY"
1.93952298304949	0.260702625447502	0.0888913350720422	0.940245019838305	1.85063164797745	"PID_CONE_PATHWAY"
0.443529204835103	0.735333590706922	0.423225386751376	0.745755497703561	0.0203038180837271	"PID_CXCR3_PATHWAY"
13.0983981631402	0.00011402215838809	5.61113742601263	0.0204587608138667	7.48726073712755	"PID_CXCR4_PATHWAY"
4.82276349063772	0.0353348723983492	2.5820819835388	0.166999769490198	2.24068150709892	"PID_DELTA_NP63_PATHWAY"
3.93117579534295	0.0655538446166344	0.0983276280910563	0.934115190383798	3.83284816725189	"PID_E2F_PATHWAY"
1.21023158659036	0.432199231911982	3.55182389445353	0.0852696476601651	-2.34159230786318	"PID_ECADHERIN_KERATINOCYTE_PATHWAY"
0.0802948168889119	0.945864338182936	1.78870597484928	0.28943153516665	-1.70841115796037	"PID_ECADHERIN_NASCENT_AJ_PATHWAY"
6.13459885151448	0.0142331732038557	1.59219364147661	0.331666765170578	4.54240521003788	"PID_ECADHERIN_STABILIZATION_PATHWAY"
6.68188100520532	0.0097398751508754	4.23028644308526	0.0532791012679923	2.45159456212006	"PID_ENDOTHELIN_PATHWAY"
0.863648139530389	0.549561125508308	8.02587781110878	0.00383680773822873	-7.16222967157839	"PID_EPHA_FWDPATHWAY"
1.44187894232697	0.36808760076566	0.598363386214739	0.660502814340161	0.843515556112233	"PID_EPHA2_FWD_PATHWAY"
1.74300512567583	0.298746739810627	1.01459963531933	0.494965667889033	0.728405490356504	"PID_EPHB_FWD_PATHWAY"
0.200621890502451	0.870175383203986	0.539865007369563	0.687835266640497	-0.339243116867111	"PID_EPHRINB_REV_PATHWAY"
5.15666191944426	0.0280343237715158	2.53412673168615	0.172644139649958	2.62253518775811	"PID_EPO_PATHWAY"
3.6997484182065	0.0769599451863164	1.01459963531933	0.494965667889033	2.68514878288717	"PID_ER_NONGENOMIC_PATHWAY"
0.416789414616723	0.749089801372182	1.12193625940351	0.459476741715466	-0.705146844786785	"PID_ERA_GENOMIC_PATHWAY"
0.940647751827455	0.520998905979048	0.25045539067568	0.840631025864577	0.690192361151775	"PID_ERB_GENOMIC_PATHWAY"
7.87372224092547	0.00426357029705048	3.56014903511148	0.0847790120641548	4.31357320581399	"PID_ERBB_NETWORK_PATHWAY"
2.88840449493059	0.135052804580829	2.1599658836014	0.223761559112406	0.728438611329193	"PID_ERBB1_DOWNSTREAM_PATHWAY"
1.64590811021521	0.319545192991	0.492783473703363	0.710652671603511	1.15312463651185	"PID_ERBB1_INTERNALIZATION_PATHWAY"
6.16914039274756	0.013896444405798	1.40708651015958	0.377072407620841	4.76205388258798	"PID_ERBB1_RECEPTOR_PROXIMAL_PATHWAY"
1.38499667512971	0.382890381691121	6.7192201864151	0.00949102629066339	-5.33422351128539	"PID_ERBB2_ERBB3_PATHWAY"
6.92933757658924	0.00820467796071963	5.28802698334302	0.0255944181002832	1.64131059324621	"PID_ERBB4_PATHWAY"
2.98379720811546	0.126411777881526	6.06111135367208	0.0149769601928973	-3.07731414555662	"PID_FAK_PATHWAY"
1.16390458117018	0.446303002925369	0.311061504553675	0.806048467537597	0.85284307661651	"PID_FANCONI_PATHWAY"
1.1978211053325	0.435933172276332	0.617942004138385	0.651599768249485	0.579879101194118	"PID_FAS_PATHWAY"
2.86562579428498	0.137202075006795	3.67161165980964	0.0784756204372637	-0.805985865524663	"PID_FCER1_PATHWAY"
3.50422911770886	0.0881296253508782	0.691500219991971	0.619209615546383	2.81272889771689	"PID_FGF_PATHWAY"
1.74300512567583	0.298746739810627	4.84108722990397	0.0348889205037285	-3.09808210422813	"PID_FOXM1_PATHWAY"
2.42310586284067	0.186454321090541	3.26287817622788	0.104177947497338	-0.839772313387209	"PID_FOXO_PATHWAY"
3.06624698221095	0.119389926336975	4.16201792089747	0.0558608787492335	-1.09577093868652	"PID_FRA_PATHWAY"
1.44215313314271	0.368017650674673	3.60437602116753	0.0822194755007455	-2.16222288802483	"PID_GLYPICAN_1PATHWAY"
1.36223636522801	0.388978854359568	0.717810653133726	0.608019436015874	0.644425712094287	"PID_GMCSF_PATHWAY"
4.95031903007385	0.0323448755016906	0.622996866661648	0.649320711600107	4.3273221634122	"PID_HDAC_CLASSI_PATHWAY"
1.54883854261521	0.341785111292178	1.50181264538477	0.353109454439124	0.047025897230442	"PID_HDAC_CLASSII_PATHWAY"
5.47214829699167	0.0225278228256548	3.82622083642378	0.0705005910883701	1.64592746056788	"PID_HDAC_CLASSIII_PATHWAY"
1.73620633750237	0.300157924537108	1.676040046334	0.312940427941441	0.0601662911683711	"PID_HEDGEHOG_GLI_PATHWAY"
2.54018820649937	0.171920297975651	2.46138523388755	0.18157214064276	0.0788029726118209	"PID_HES_HEY_PATHWAY"
8.72363568508113	0.00236550563828705	4.80644769658988	0.0357367513763177	3.91718798849125	"PID_HIF1_TFPATHWAY"
2.6289906682127	0.161657162129908	0.598363386214739	0.660502814340161	2.03062728199796	"PID_HIF1A_PATHWAY"
1.54883854261521	0.341785111292178	3.49614686838856	0.0886247296483286	-1.94730832577335	"PID_HIF2PATHWAY"
2.3199495502178	0.200274472697884	1.40708651015958	0.377072407620841	0.912863040058217	"PID_HIV_NEF_PATHWAY"
1.38499667512971	0.382890381691121	6.7192201864151	0.00949102629066339	-5.33422351128539	"PID_HNF3A_PATHWAY"
2.0290632420336	0.245014113152256	2.84093936659951	0.139569985953868	-0.811876124565914	"PID_HNF3B_PATHWAY"
3.6997484182065	0.0769599451863164	6.25193460405266	0.0131213993438996	-2.55218618584616	"PID_IFNG_PATHWAY"
3.27665739652695	0.103187677610424	4.56123561242624	0.0423575920560422	-1.28457821589929	"PID_IGF1_PATHWAY"
0.398385378679224	0.75870693047566	0.0225116292800548	0.984517237306242	0.375873749399169	"PID_IL1_PATHWAY"
6.68188100520532	0.0097398751508754	1.18016124460042	0.441302172704302	5.50171976060491	"PID_IL12_2PATHWAY"
8.52567296184486	0.00271341802255529	5.04856565746144	0.0302155359532099	3.47710730438343	"PID_IL12_STAT4_PATHWAY"
2.58992669166749	0.166094166367581	5.61014491798082	0.0204728403456291	-3.02021822631333	"PID_IL2_1PATHWAY"
4.91533340695695	0.0331388326454822	2.3910144362467	0.190648298936021	2.52431897071025	"PID_IL2_PI3K_PATHWAY"
7.72564987385739	0.0047244107818917	3.01921698914418	0.123346014932127	4.70643288471321	"PID_IL2_STAT5_PATHWAY"
4.26197525257545	0.0521215843045944	2.00894335887567	0.24845502764147	2.25303189369978	"PID_IL23_PATHWAY"
3.90662430621707	0.0666789729850941	3.82622083642378	0.0705005910883701	0.0804034697932905	"PID_IL27_PATHWAY"
0.78750753209794	0.579344130053022	0.289369162874041	0.818259775047759	0.498138369223899	"PID_IL3_PATHWAY"
4.21011148100841	0.054029401795153	1.67079514594212	0.314080189626159	2.53931633506629	"PID_IL4_2PATHWAY"
2.27353201188647	0.206822921409681	0.28656200792365	0.81985347161166	1.98697000396282	"PID_IL5_PATHWAY"
3.66220288712672	0.078989084586674	3.56171277136022	0.0846871699290314	0.100490115766501	"PID_IL6_7_PATHWAY"
2.27885359204979	0.206061431756629	1.30149306089002	0.405706111143865	0.977360531159774	"PID_IL8_CXCR1_PATHWAY"
1.54883854261521	0.341785111292178	0.83327509027625	0.561253682075785	0.71556345233896	"PID_IL8_CXCR2_PATHWAY"
0.381486658035018	0.767646144440746	0.144731849769011	0.904547487986956	0.236754808266008	"PID_ILK_PATHWAY"
0.300838966436534	0.811780186792854	2.53530684416735	0.172502975930428	-2.23446787773082	"PID_INSULIN_GLUCOSE_PATHWAY"
4.16808564399742	0.0556264310286335	2.06985868588269	0.238182828729457	2.09822695811472	"PID_INSULIN_PATHWAY"
1.65148064649338	0.318313302298472	1.60288440413586	0.329218108041609	0.0485962423575155	"PID_INTEGRIN_A4B1_PATHWAY"
1.6713811585739	0.313952638357569	1.62832988474599	0.323462442668301	0.0430512738279147	"PID_INTEGRIN_A9B1_PATHWAY"
9.319019310976	0.0015656535145249	3.82622083642378	0.0705005910883701	5.49279847455222	"PID_INTEGRIN_CS_PATHWAY"
8.72363568508113	0.00236550563828705	4.80644769658988	0.0357367513763177	3.91718798849125	"PID_INTEGRIN1_PATHWAY"
1.24532434386779	0.421813056220842	3.20196138626514	0.108670978551227	-1.95663704239735	"PID_INTEGRIN2_PATHWAY"
10.5402213672372	0.000671548228071331	1.41665928600408	0.374578685515921	9.12356208123316	"PID_INTEGRIN3_PATHWAY"
1.47332105649677	0.360152280216424	1.4463996901013	0.366935987487197	0.0269213663954717	"PID_INTEGRIN4_PATHWAY"
6.8544002702226	0.0086421125173106	3.02043274843194	0.123242115014613	3.83396752179067	"PID_INTEGRIN5_PATHWAY"
6.38819517173237	0.0119388263421318	4.9665148126898	0.0319838004716034	1.42168035904258	"PID_KIT_PATHWAY"
1.34003762585058	0.395010353827681	2.22201532159553	0.214341732811373	-0.881977695744948	"PID_LIS1_PATHWAY"
2.66272580623654	0.157920918797009	7.44199806086769	0.00575089391013931	-4.77927225463115	"PID_LKB1_PATHWAY"
7.87372224092547	0.00426357029705048	7.77109483321071	0.00457791111417594	0.102627407714759	"PID_LPA4_PATHWAY"
1.6713811585739	0.313952638357569	1.62832988474599	0.323462442668301	0.0430512738279147	"PID_LYMPH_ANGIOGENESIS_PATHWAY"
8.96752270550678	0.00199759148838315	3.94017566810124	0.0651461771203279	5.02734703740554	"PID_LYSOPHOSPHOLIPID_PATHWAY"
1.54883854261521	0.341785111292178	4.80929190565432	0.0356663673637518	-3.26045336303911	"PID_MAPK_TRK_PATHWAY"
2.46754686745955	0.180798314399505	7.05499369461411	0.00752030195459493	-4.58744682715456	"PID_MET_PATHWAY"
1.98088566573166	0.253334301108126	0.867827814532805	0.547971279622842	1.11305785119886	"PID_MTOR_4PATHWAY"
1.82665360797176	0.281917783556222	0.820135734034251	0.566388652221893	1.00651787393751	"PID_MYC_ACTIV_PATHWAY"
5.78029616633202	0.0181952266642327	2.70946110338298	0.152887132691571	3.07083506294903	"PID_MYC_PATHWAY"
1.8196740724177	0.283284962639993	1.74883800603442	0.297541331826001	0.0708360663832746	"PID_MYC_REPRESS_PATHWAY"
3.77286348063004	0.0731568374510448	3.68554175055295	0.0777215374132686	0.0873217300770914	"PID_NCADHERIN_PATHWAY"
3.0920484331054	0.117273712468979	5.849531208474	0.0173426574351258	-2.7574827753686	"PID_NECTIN_PATHWAY"
1.07574900758086	0.474424688277857	2.84752786215002	0.138934051342088	-1.77177885456916	"PID_NEPHRIN_NEPH1_PATHWAY"
2.75523814614947	0.148112145428662	8.74124582019253	0.00233680680487172	-5.98600767404306	"PID_NETRIN_PATHWAY"
1.33511597861318	0.396360203529002	8.89765826151698	0.00209670809591252	-7.5625422829038	"PID_NFAT_3PATHWAY"
5.22398243127312	0.0267562097195492	5.09872030370126	0.0291831554890109	0.125262127571864	"PID_NFAT_TFPATHWAY"
8.50643193219896	0.00274984891055656	0.989556383933165	0.503632613831222	7.5168755482658	"PID_NFKAPPAB_CANONICAL_PATHWAY"
9.01221707373021	0.00193665532080821	2.88676385662497	0.135206474505992	6.12545321710524	"PID_NOTCH_PATHWAY"
4.06527647441921	0.0597351337630983	1.15680291991723	0.448505343944833	2.90847355450198	"PID_P38_ALPHA_BETA_DOWNSTREAM_PATHWAY"
0.200621890502451	0.870175383203986	1.12171503039615	0.459547205240105	-0.921093139893703	"PID_P38_ALPHA_BETA_PATHWAY"
3.05472855778212	0.120346946464433	1.4463996901013	0.366935987487197	1.60832886768082	"PID_P38_GAMMA_DELTA_PATHWAY"
0.119262537515635	0.920658143225331	1.17906475096131	0.441637703736222	-1.05980221344567	"PID_P38_MK2_PATHWAY"
0.78750753209794	0.579344130053022	0.289369162874041	0.818259775047759	0.498138369223899	"PID_P38_MKK3_6PATHWAY"
0.736012215324595	0.600396630152127	1.28715393423173	0.409758580623138	-0.551141718907138	"PID_P53_DOWNSTREAM_PATHWAY"
2.17334279798334	0.221696392870015	0.277472744798323	0.825035015317376	1.89587005318502	"PID_P53_REGULATION_PATHWAY"
3.21613509657738	0.107608571408967	1.2316265365966	0.4258370739667	1.98450855998078	"PID_P73PATHWAY"
0.323040949318611	0.79938314041555	0.91405607382272	0.53069097748911	-0.591015124504109	"PID_P75_NTR_PATHWAY"
1.10975285305067	0.463373404278638	1.07992693678096	0.473052779835035	0.029825916269707	"PID_PDGFRA_PATHWAY"
4.93442631261541	0.0327031561865531	9.50763967699998	0.00137377392592471	-4.57321336438457	"PID_PDGFRB_PATHWAY"
0.335655600919624	0.792423955201377	3.14730710561445	0.112866785327776	-2.81165150469483	"PID_PI3K_PLC_TRK_PATHWAY"
2.3199495502178	0.200274472697884	6.04398103287843	0.0151558541018973	-3.72403148266064	"PID_PI3KCI_AKT_PATHWAY"
0.623528665504615	0.649081406439733	3.4090803092195	0.0941379137273839	-2.78555164371489	"PID_PI3KCI_PATHWAY"
0.353643564422562	0.782605110084114	0.132281299455379	0.912387572114172	0.221362264967183	"PID_PLK1_PATHWAY"
1.93952298304949	0.260702625447502	0.0888913350720422	0.940245019838305	1.85063164797745	"PID_PRL_SIGNALING_EVENTS_PATHWAY"
0.71175483735986	0.610577005185382	4.89608353270184	0.0335839670684055	-4.18432869534198	"PID_PS1_PATHWAY"
7.81646271166554	0.00443619127979096	7.64206814752602	0.00500620072393892	0.174394564139518	"PID_PTP1B_PATHWAY"
1.91081785679378	0.265941741793927	1.215471357547	0.430632360597862	0.695346499246786	"PID_RAC1_PATHWAY"
1.95432938229256	0.258040713764541	6.78912509744253	0.00904210823654051	-4.83479571514997	"PID_RAC1_REG_PATHWAY"
3.0920484331054	0.117273712468979	4.32276992137459	0.0499708330276254	-1.23072148826919	"PID_RAS_PATHWAY"
5.11488865994965	0.0288579242358716	1.59592825031571	0.330809311737656	3.51896040963394	"PID_RB_1PATHWAY"
2.27885359204979	0.206061431756629	6.4642217489082	0.0113259686442449	-4.18536815685841	"PID_REELIN_PATHWAY"
0.458881043227986	0.727550329180046	0.237850682814851	0.848007727861639	0.221030360413135	"PID_REG_GR_PATHWAY"
2.7656624127886	0.147045810631219	1.78870597484928	0.28943153516665	0.976956437939327	"PID_RET_PATHWAY"
2.00267195402231	0.249537414150711	0.191809712188888	0.875506799201853	1.81086224183343	"PID_RETINOIC_ACID_PATHWAY"
5.22398243127312	0.0267562097195492	0.144731849769011	0.904547487986956	5.07925058150411	"PID_RHOA_PATHWAY"
5.01925105711014	0.0308357755648977	4.89608353270184	0.0335839670684055	0.123167524408298	"PID_RHOA_REG_PATHWAY"
3.90662430621707	0.0666789729850941	3.82622083642378	0.0705005910883701	0.0804034697932905	"PID_RXR_VDR_PATHWAY"
5.29062641397265	0.0255483439050075	0.114613302596551	0.923629845648588	5.1760131113761	"PID_S1P_META_PATHWAY"
7.24685351262283	0.00658384682766796	1.17906475096131	0.441637703736222	6.06778876166153	"PID_S1P_S1P1_PATHWAY"
2.96064976921153	0.128456360394132	0.078343288990228	0.947144670902492	2.8823064802213	"PID_S1P_S1P2_PATHWAY"
8.09016363029215	0.00366959451056028	1.20822075159851	0.432802053201726	6.88194287869364	"PID_S1P_S1P3_PATHWAY"
6.00869797308938	0.0155310806606304	1.02594111704956	0.491089840834059	4.98275685603981	"PID_S1P_S1P4_PATHWAY"
3.23406390505624	0.106279562185767	6.47541698823206	0.0112384198364741	-3.24135308317582	"PID_SHP2_PATHWAY"
5.60510319240215	0.0205445110776677	4.45237023982366	0.0456775714915408	1.15273295257849	"PID_SMAD2_3NUCLEAR_PATHWAY"
0.226248096888533	0.85485515781089	1.84901027117413	0.277582732167797	-1.6227621742856	"PID_SMAD2_3PATHWAY"
2.79100125157755	0.144485712973974	1.1876249145981	0.439025025816338	1.60337633697944	"PID_SYNDECAN_1_PATHWAY"
1.65148064649338	0.318313302298472	1.60288440413586	0.329218108041609	0.0485962423575155	"PID_SYNDECAN_2_PATHWAY"
0.198649177182698	0.871366058074781	0.739910727613216	0.598776402790199	-0.541261550430518	"PID_SYNDECAN_3_PATHWAY"
2.75523814614947	0.148112145428662	3.88588340758192	0.0676445068005288	-1.13064526143245	"PID_SYNDECAN_4_PATHWAY"
3.64731764056811	0.0798082864919388	0.735103027385591	0.600775119992602	2.91221461318252	"PID_TAP63_PATHWAY"
4.54425918454082	0.0428589648337195	7.25216419419724	0.00655965568684136	-2.70790500965642	"PID_TCPTP_PATHWAY"
0.66417402682388	0.631049890313031	1.30149306089002	0.405706111143865	-0.637319034066139	"PID_TCR_CALCIUM_PATHWAY"
2.33738303589934	0.197868925243425	4.96889092204058	0.0319311667158355	-2.63150788614124	"PID_TCR_PATHWAY"
1.04903332067931	0.483291886228974	3.87533231618948	0.0681410356029786	-2.82629899551017	"PID_TCR_RAS_PATHWAY"
3.79003458051799	0.072291278695566	2.07029709828458	0.238110459698908	1.71973748223341	"PID_TELOMERASE_PATHWAY"
4.73352558489124	0.0375895229156463	3.54048933032767	0.0859422089885624	1.19303625456357	"PID_TGFBR_PATHWAY"
3.21339071240311	0.107813465941443	1.41665928600408	0.374578685515921	1.79673142639903	"PID_THROMBIN_PAR1_PATHWAY"
0.25803244467673	0.836227593833593	0.25045539067568	0.840631025864577	0.00757705400104969	"PID_THROMBIN_PAR4_PATHWAY"
3.82357984522518	0.0706297673591225	0.336112658041276	0.792172948830193	3.4874671871839	"PID_TNF_PATHWAY"
1.80011409547082	0.287151878458176	0.078343288990228	0.947144670902492	1.72177080648059	"PID_TOLL_ENDOGENOUS_PATHWAY"
0.66417402682388	0.631049890313031	0.641636790052562	0.640985314917831	0.0225372367713176	"PID_TRAIL_PATHWAY"
0.502734471582847	0.705767806509275	3.53470295541966	0.0862875989965408	-3.03196848383681	"PID_TRKR_PATHWAY"
2.47928112133558	0.179333743723647	1.09021932539242	0.469689964666787	1.38906179594316	"PID_TXA2PATHWAY"
4.54425918454082	0.0428589648337195	3.27776851729546	0.103108236128896	1.26649066724536	"PID_UPA_UPAR_PATHWAY"
6.73906063732565	0.00936139575594617	7.83011821199385	0.00439439962138399	-1.0910575746682	"PID_VEGFR1_2_PATHWAY"
3.90662430621707	0.0666789729850941	0.762685665220102	0.589398108133798	3.14393864099697	"PID_VEGFR1_PATHWAY"
2.43384497503378	0.185071548066652	2.3826955573875	0.191750792120679	0.051149417646287	"PID_WNT_CANONICAL_PATHWAY"
1.76097354592322	0.295048995970643	0.966887042280031	0.511608790387282	0.794086503643192	"PID_WNT_NONCANONICAL_PATHWAY"
1.34003762585058	0.395010353827681	2.22201532159553	0.214341732811373	-0.881977695744948	"PID_WNT_SIGNALING_PATHWAY"
